,Brazil
1979-12-01,1e-08
1979-12-08,1e-08
1979-12-15,1e-08
1979-12-22,1e-08
1979-12-29,1e-08
1980-01-05,1e-08
1980-01-12,1e-08
1980-01-19,1e-08
1980-01-26,1e-08
1980-02-02,1e-08
1980-02-09,1e-08
1980-02-16,1e-08
1980-02-23,1e-08
1980-03-01,1e-08
1980-03-08,1e-08
1980-03-15,1e-08
1980-03-22,1e-08
1980-03-29,1e-08
1980-04-05,1e-08
1980-04-12,1e-08
1980-04-19,1e-08
1980-04-26,1e-08
1980-05-03,1e-08
1980-05-10,1e-08
1980-05-17,1e-08
1980-05-24,1e-08
1980-05-31,1e-08
1980-06-07,1e-08
1980-06-14,1e-08
1980-06-21,1e-08
1980-06-28,1e-08
1980-07-05,1e-08
1980-07-12,1e-08
1980-07-19,1e-08
1980-07-26,1e-08
1980-08-02,1e-08
1980-08-09,1e-08
1980-08-16,1e-08
1980-08-23,1e-08
1980-08-30,1e-08
1980-09-06,1e-08
1980-09-13,1e-08
1980-09-20,1e-08
1980-09-27,1e-08
1980-10-04,1e-08
1980-10-11,1e-08
1980-10-18,1e-08
1980-10-25,1e-08
1980-11-01,1e-08
1980-11-08,1.2333333333333333e-08
1980-11-15,1.4666666666666666e-08
1980-11-22,1.7e-08
1980-11-29,1.9333333333333334e-08
1980-12-06,2e-08
1980-12-13,2e-08
1980-12-20,2e-08
1980-12-27,2e-08
1981-01-03,2e-08
1981-01-10,2e-08
1981-01-17,2e-08
1981-01-24,2e-08
1981-01-31,2e-08
1981-02-07,2e-08
1981-02-14,2e-08
1981-02-21,2e-08
1981-02-28,2e-08
1981-03-07,2e-08
1981-03-14,2e-08
1981-03-21,2e-08
1981-03-28,2e-08
1981-04-04,2e-08
1981-04-11,2e-08
1981-04-18,2e-08
1981-04-25,2e-08
1981-05-02,2e-08
1981-05-09,2e-08
1981-05-16,2e-08
1981-05-23,2e-08
1981-05-30,2e-08
1981-06-06,2e-08
1981-06-13,2e-08
1981-06-20,2e-08
1981-06-27,2e-08
1981-07-04,2e-08
1981-07-11,2e-08
1981-07-18,2e-08
1981-07-25,2e-08
1981-08-01,2e-08
1981-08-08,2.225806451612903e-08
1981-08-15,2.4516129032258063e-08
1981-08-22,2.6774193548387094e-08
1981-08-29,2.9032258064516125e-08
1981-09-05,3e-08
1981-09-12,3e-08
1981-09-19,3e-08
1981-09-26,3e-08
1981-10-03,3e-08
1981-10-10,3e-08
1981-10-17,3e-08
1981-10-24,3e-08
1981-10-31,3e-08
1981-11-07,3e-08
1981-11-14,3e-08
1981-11-21,3e-08
1981-11-28,3e-08
1981-12-05,3e-08
1981-12-12,3e-08
1981-12-19,3e-08
1981-12-26,3e-08
1982-01-02,3e-08
1982-01-09,3e-08
1982-01-16,3e-08
1982-01-23,3e-08
1982-01-30,3e-08
1982-02-06,3.1785714285714284e-08
1982-02-13,3.4285714285714286e-08
1982-02-20,3.678571428571428e-08
1982-02-27,3.9285714285714285e-08
1982-03-06,4e-08
1982-03-13,4e-08
1982-03-20,4e-08
1982-03-27,4e-08
1982-04-03,4e-08
1982-04-10,4e-08
1982-04-17,4e-08
1982-04-24,4e-08
1982-05-01,4e-08
1982-05-08,4e-08
1982-05-15,4e-08
1982-05-22,4e-08
1982-05-29,4e-08
1982-06-05,4.133333333333333e-08
1982-06-12,4.366666666666667e-08
1982-06-19,4.6e-08
1982-06-26,4.833333333333333e-08
1982-07-03,5e-08
1982-07-10,5e-08
1982-07-17,5e-08
1982-07-24,5e-08
1982-07-31,5e-08
1982-08-07,5e-08
1982-08-14,5e-08
1982-08-21,5e-08
1982-08-28,5e-08
1982-09-04,5e-08
1982-09-11,5e-08
1982-09-18,5e-08
1982-09-25,5e-08
1982-10-02,5.032258064516129e-08
1982-10-09,5.258064516129032e-08
1982-10-16,5.483870967741935e-08
1982-10-23,5.7096774193548384e-08
1982-10-30,5.9354838709677415e-08
1982-11-06,6e-08
1982-11-13,6e-08
1982-11-20,6e-08
1982-11-27,6e-08
1982-12-04,6.096774193548387e-08
1982-12-11,6.32258064516129e-08
1982-12-18,6.548387096774193e-08
1982-12-25,6.774193548387097e-08
1983-01-01,7e-08
1983-01-08,7e-08
1983-01-15,7e-08
1983-01-22,7e-08
1983-01-29,7e-08
1983-02-05,7.142857142857144e-08
1983-02-12,7.392857142857144e-08
1983-02-19,7.642857142857143e-08
1983-02-26,7.892857142857143e-08
1983-03-05,8e-08
1983-03-12,8e-08
1983-03-19,8e-08
1983-03-26,8e-08
1983-04-02,8.033333333333334e-08
1983-04-09,8.266666666666667e-08
1983-04-16,8.500000000000001e-08
1983-04-23,8.733333333333333e-08
1983-04-30,8.966666666666666e-08
1983-05-07,9.193548387096774e-08
1983-05-14,9.419354838709677e-08
1983-05-21,9.64516129032258e-08
1983-05-28,9.870967741935484e-08
1983-06-04,1.0099999999999999e-07
1983-06-11,1.0333333333333333e-07
1983-06-18,1.0566666666666667e-07
1983-06-25,1.08e-07
1983-07-02,1.1e-07
1983-07-09,1.1e-07
1983-07-16,1.1e-07
1983-07-23,1.1e-07
1983-07-30,1.1e-07
1983-08-06,1.1322580645161291e-07
1983-08-13,1.1774193548387097e-07
1983-08-20,1.2225806451612905e-07
1983-08-27,1.267741935483871e-07
1983-09-03,1.3066666666666667e-07
1983-09-10,1.33e-07
1983-09-17,1.3533333333333333e-07
1983-09-24,1.3766666666666667e-07
1983-10-01,1.4e-07
1983-10-08,1.4225806451612904e-07
1983-10-15,1.4451612903225807e-07
1983-10-22,1.467741935483871e-07
1983-10-29,1.4903225806451613e-07
1983-11-05,1.5133333333333334e-07
1983-11-12,1.5366666666666665e-07
1983-11-19,1.56e-07
1983-11-26,1.5833333333333333e-07
1983-12-03,1.6129032258064518e-07
1983-12-10,1.6580645161290324e-07
1983-12-17,1.703225806451613e-07
1983-12-24,1.7483870967741936e-07
1983-12-31,1.7935483870967742e-07
1984-01-07,1.8193548387096774e-07
1984-01-14,1.8419354838709677e-07
1984-01-21,1.864516129032258e-07
1984-01-28,1.8870967741935484e-07
1984-02-04,1.920689655172414e-07
1984-02-11,1.9689655172413795e-07
1984-02-18,2.0172413793103448e-07
1984-02-25,2.0655172413793104e-07
1984-03-03,2.1129032258064517e-07
1984-03-10,2.1580645161290324e-07
1984-03-17,2.203225806451613e-07
1984-03-24,2.2483870967741936e-07
1984-03-31,2.2935483870967742e-07
1984-04-07,2.34e-07
1984-04-14,2.3866666666666663e-07
1984-04-21,2.433333333333333e-07
1984-04-28,2.48e-07
1984-05-05,2.538709677419355e-07
1984-05-12,2.6064516129032257e-07
1984-05-19,2.6741935483870966e-07
1984-05-26,2.741935483870968e-07
1984-06-02,2.8066666666666667e-07
1984-06-09,2.8533333333333335e-07
1984-06-16,2.9e-07
1984-06-23,2.9466666666666666e-07
1984-06-30,2.9933333333333334e-07
1984-07-07,3.058064516129032e-07
1984-07-14,3.1258064516129034e-07
1984-07-21,3.1935483870967743e-07
1984-07-28,3.2612903225806453e-07
1984-08-04,3.338709677419355e-07
1984-08-11,3.4290322580645163e-07
1984-08-18,3.5193548387096776e-07
1984-08-25,3.609677419354839e-07
1984-09-01,3.7e-07
1984-09-08,3.793333333333333e-07
1984-09-15,3.886666666666667e-07
1984-09-22,3.98e-07
1984-09-29,4.073333333333333e-07
1984-10-06,4.1645161290322577e-07
1984-10-13,4.2548387096774195e-07
1984-10-20,4.345161290322581e-07
1984-10-27,4.435483870967742e-07
1984-11-03,4.5399999999999996e-07
1984-11-10,4.68e-07
1984-11-17,4.82e-07
1984-11-24,4.96e-07
1984-12-01,5.1e-07
1984-12-08,5.235483870967742e-07
1984-12-15,5.370967741935484e-07
1984-12-22,5.506451612903227e-07
1984-12-29,5.641935483870968e-07
1985-01-05,5.77741935483871e-07
1985-01-12,5.912903225806452e-07
1985-01-19,6.048387096774194e-07
1985-01-26,6.183870967741936e-07
1985-02-02,6.321428571428572e-07
1985-02-09,6.471428571428571e-07
1985-02-16,6.621428571428571e-07
1985-02-23,6.771428571428572e-07
1985-03-02,6.919354838709677e-07
1985-03-09,7.054838709677419e-07
1985-03-16,7.190322580645161e-07
1985-03-23,7.325806451612903e-07
1985-03-30,7.461290322580645e-07
1985-04-06,7.583333333333333e-07
1985-04-13,7.7e-07
1985-04-20,7.816666666666667e-07
1985-04-27,7.933333333333333e-07
1985-05-04,8.067741935483871e-07
1985-05-11,8.225806451612903e-07
1985-05-18,8.383870967741935e-07
1985-05-25,8.541935483870968e-07
1985-06-01,8.7e-07
1985-06-08,8.91e-07
1985-06-15,9.12e-07
1985-06-22,9.33e-07
1985-06-29,9.539999999999999e-07
1985-07-06,9.77741935483871e-07
1985-07-13,1.0025806451612902e-06
1985-07-20,1.0274193548387096e-06
1985-07-27,1.052258064516129e-06
1985-08-03,1.0777419354838708e-06
1985-08-10,1.1048387096774194e-06
1985-08-17,1.1319354838709678e-06
1985-08-24,1.1590322580645161e-06
1985-08-31,1.1861290322580645e-06
1985-09-07,1.216e-06
1985-09-14,1.2463333333333334e-06
1985-09-21,1.2766666666666668e-06
1985-09-28,1.3070000000000001e-06
1985-10-05,1.3445161290322581e-06
1985-10-12,1.3874193548387097e-06
1985-10-19,1.4303225806451613e-06
1985-10-26,1.473225806451613e-06
1985-11-02,1.5173333333333333e-06
1985-11-09,1.5686666666666667e-06
1985-11-16,1.62e-06
1985-11-23,1.6713333333333334e-06
1985-11-30,1.7226666666666666e-06
1985-12-07,1.7783870967741936e-06
1985-12-14,1.8348387096774194e-06
1985-12-21,1.8912903225806452e-06
1985-12-28,1.947741935483871e-06
1986-01-04,2.0041935483870967e-06
1986-01-11,2.0606451612903227e-06
1986-01-18,2.1170967741935483e-06
1986-01-25,2.1735483870967743e-06
1986-02-01,2.23e-06
1986-02-08,2.2575e-06
1986-02-15,2.285e-06
1986-02-22,2.3125e-06
1986-03-01,2.34e-06
1986-03-08,2.344516129032258e-06
1986-03-15,2.349032258064516e-06
1986-03-22,2.3535483870967742e-06
1986-03-29,2.3580645161290323e-06
1986-04-05,2.3639999999999997e-06
1986-04-12,2.371e-06
1986-04-19,2.378e-06
1986-04-26,2.385e-06
1986-05-03,2.3919354838709675e-06
1986-05-10,2.398709677419355e-06
1986-05-17,2.405483870967742e-06
1986-05-24,2.412258064516129e-06
1986-05-31,2.4190322580645163e-06
1986-06-07,2.4280000000000003e-06
1986-06-14,2.4373333333333333e-06
1986-06-21,2.446666666666667e-06
1986-06-28,2.4560000000000003e-06
1986-07-05,2.471612903225807e-06
1986-07-12,2.491935483870968e-06
1986-07-19,2.5122580645161294e-06
1986-07-26,2.5325806451612904e-06
1986-08-02,2.551290322580645e-06
1986-08-09,2.5603225806451613e-06
1986-08-16,2.5693548387096774e-06
1986-08-23,2.5783870967741936e-06
1986-08-30,2.5874193548387097e-06
1986-09-06,2.5983333333333336e-06
1986-09-13,2.61e-06
1986-09-20,2.621666666666667e-06
1986-09-27,2.6333333333333337e-06
1986-10-04,2.654516129032258e-06
1986-10-11,2.6883870967741938e-06
1986-10-18,2.722258064516129e-06
1986-10-25,2.7561290322580647e-06
1986-11-01,2.79e-06
1986-11-08,2.8646666666666665e-06
1986-11-15,2.9393333333333334e-06
1986-11-22,3.014e-06
1986-11-29,3.0886666666666663e-06
1986-12-06,3.1761290322580645e-06
1986-12-13,3.268709677419355e-06
1986-12-20,3.361290322580645e-06
1986-12-27,3.4538709677419355e-06
1987-01-03,3.549032258064516e-06
1987-01-10,3.6506451612903227e-06
1987-01-17,3.7522580645161293e-06
1987-01-24,3.8538709677419355e-06
1987-01-31,3.955483870967742e-06
1987-02-07,4.109285714285715e-06
1987-02-14,4.271785714285714e-06
1987-02-21,4.434285714285714e-06
1987-02-28,4.596785714285714e-06
1987-03-07,4.790322580645161e-06
1987-03-14,4.989032258064516e-06
1987-03-21,5.187741935483871e-06
1987-03-28,5.386451612903225e-06
1987-04-04,5.618e-06
1987-04-11,5.893333333333333e-06
1987-04-18,6.168666666666667e-06
1987-04-25,6.4440000000000005e-06
1987-05-02,6.722580645161291e-06
1987-05-09,7.020645161290323e-06
1987-05-16,7.318709677419355e-06
1987-05-23,7.616774193548387e-06
1987-05-30,7.914838709677419e-06
1987-06-06,8.121666666666667e-06
1987-06-13,8.292e-06
1987-06-20,8.462333333333332e-06
1987-06-27,8.632666666666666e-06
1987-07-04,8.771612903225806e-06
1987-07-11,8.868709677419355e-06
1987-07-18,8.965806451612903e-06
1987-07-25,9.062903225806452e-06
1987-08-01,9.16e-06
1987-08-08,9.320322580645161e-06
1987-08-15,9.480645161290323e-06
1987-08-22,9.640967741935484e-06
1987-08-29,9.801290322580646e-06
1987-09-05,1.0018e-05
1987-09-12,1.0277e-05
1987-09-19,1.0536e-05
1987-09-26,1.0795e-05
1987-10-03,1.1086451612903226e-05
1987-10-10,1.1459032258064516e-05
1987-10-17,1.1831612903225806e-05
1987-10-24,1.2204193548387096e-05
1987-10-31,1.2576774193548387e-05
1987-11-07,1.2988e-05
1987-11-14,1.3405666666666666e-05
1987-11-21,1.3823333333333332e-05
1987-11-28,1.4241e-05
1987-12-05,1.4772258064516129e-05
1987-12-12,1.5388709677419355e-05
1987-12-19,1.600516129032258e-05
1987-12-26,1.6621612903225807e-05
1988-01-02,1.7236774193548387e-05
1988-01-09,1.7844193548387096e-05
1988-01-16,1.8451612903225805e-05
1988-01-23,1.9059032258064514e-05
1988-01-30,1.9666451612903227e-05
1988-02-06,2.0441724137931035e-05
1988-02-13,2.128413793103448e-05
1988-02-20,2.212655172413793e-05
1988-02-27,2.2968965517241378e-05
1988-03-05,2.391064516129032e-05
1988-03-12,2.4926774193548386e-05
1988-03-19,2.594290322580645e-05
1988-03-26,2.6959032258064516e-05
1988-04-02,2.7991666666666665e-05
1988-04-09,2.9123333333333333e-05
1988-04-16,3.0255e-05
1988-04-23,3.138666666666667e-05
1988-04-30,3.251833333333333e-05
1988-05-07,3.4071612903225805e-05
1988-05-14,3.569516129032258e-05
1988-05-21,3.7318709677419353e-05
1988-05-28,3.8942258064516135e-05
1988-06-04,4.0743e-05
1988-06-11,4.278e-05
1988-06-18,4.4817e-05
1988-06-25,4.6854e-05
1988-07-02,4.8938709677419354e-05
1988-07-09,5.130967741935484e-05
1988-07-16,5.3680645161290325e-05
1988-07-23,5.605161290322581e-05
1988-07-30,5.842258064516129e-05
1988-08-06,6.171612903225807e-05
1988-08-13,6.537870967741935e-05
1988-08-20,6.904129032258065e-05
1988-08-27,7.270387096774194e-05
1988-09-03,7.6606e-05
1988-09-10,8.110700000000001e-05
1988-09-17,8.560800000000001e-05
1988-09-24,9.0109e-05
1988-10-01,9.461e-05
1988-10-08,0.00010058032258064517
1988-10-15,0.00010655064516129032
1988-10-22,0.00011252096774193548
1988-10-29,0.00011849129032258065
1988-11-05,0.000125682
1988-11-12,0.000133788
1988-11-19,0.000141894
1988-11-26,0.00015000000000000001
1988-12-03,0.0001595583870967742
1988-12-10,0.00017274774193548387
1988-12-17,0.00018593709677419354
1988-12-24,0.00019912645161290323
1988-12-31,0.0002123158064516129
1989-01-07,0.00022115612903225807
1989-01-14,0.0002292716129032258
1989-01-21,0.00023738709677419354
1989-01-28,0.0002455025806451613
1989-02-04,0.00025196785714285715
1989-02-11,0.00025623285714285713
1989-02-18,0.0002604978571428571
1989-02-25,0.0002647628571428571
1989-03-04,0.0002693541935483871
1989-03-11,0.00027438064516129034
1989-03-18,0.00027940709677419355
1989-03-25,0.00028443354838709675
1989-04-01,0.00028946
1989-04-08,0.000301563
1989-04-15,0.000313666
1989-04-22,0.000325769
1989-04-29,0.00033787199999999997
1989-05-06,0.0003571025806451613
1989-05-13,0.0003791841935483871
1989-05-20,0.0004012658064516129
1989-05-27,0.0004233474193548387
1989-06-03,0.00044717866666666665
1989-06-10,0.000475384
1989-06-17,0.0005035893333333333
1989-06-24,0.0005317946666666667
1989-07-01,0.00056
1989-07-08,0.0006029032258064516
1989-07-15,0.0006458064516129032
1989-07-22,0.0006887096774193548
1989-07-29,0.0007316129032258064
1989-08-05,0.0007861290322580645
1989-08-12,0.0008493548387096774
1989-08-19,0.0009125806451612904
1989-08-26,0.0009758064516129033
1989-09-02,0.0010436666666666667
1989-09-09,0.0011393333333333333
1989-09-16,0.001235
1989-09-23,0.0013306666666666666
1989-09-30,0.0014263333333333333
1989-10-07,0.0015735483870967743
1989-10-14,0.0017293548387096775
1989-10-21,0.0018851612903225806
1989-10-28,0.002040967741935484
1989-11-04,0.00224
1989-11-11,0.0024966666666666666
1989-11-18,0.0027533333333333333
1989-11-25,0.0030099999999999997
1989-12-02,0.003300322580645161
1989-12-09,0.00379258064516129
1989-12-16,0.004284838709677419
1989-12-23,0.004777096774193548
1989-12-30,0.005269354838709677
1990-01-06,0.0060712903225806445
1990-01-13,0.006997096774193548
1990-01-20,0.007922903225806452
1990-01-27,0.008848709677419355
1990-02-03,0.010069285714285715
1990-02-10,0.012026785714285714
1990-02-17,0.013984285714285715
1990-02-24,0.015941785714285714
1990-03-03,0.017513548387096775
1990-03-10,0.018120967741935484
1990-03-17,0.018728387096774192
1990-03-24,0.019335806451612904
1990-03-31,0.019943225806451612
1990-04-07,0.020333999999999998
1990-04-14,0.020688666666666668
1990-04-21,0.021043333333333334
1990-04-28,0.021398
1990-05-05,0.02187774193548387
1990-05-12,0.022451290322580645
1990-05-19,0.02302483870967742
1990-05-26,0.023598387096774195
1990-06-02,0.024193666666666665
1990-06-09,0.02491933333333333
1990-06-16,0.025645
1990-06-23,0.026370666666666667
1990-06-30,0.027096333333333333
1990-07-07,0.027877419354838708
1990-07-14,0.02866774193548387
1990-07-21,0.029458064516129034
1990-07-28,0.030248387096774194
1990-08-04,0.031128709677419358
1990-08-11,0.032129032258064516
1990-08-18,0.03312935483870968
1990-08-25,0.03412967741935484
1990-09-01,0.03513
1990-09-08,0.036306
1990-09-15,0.037482
1990-09-22,0.038658
1990-09-29,0.039833999999999994
1990-10-06,0.041258709677419354
1990-10-13,0.042782903225806454
1990-10-20,0.04430709677419355
1990-10-27,0.045831290322580646
1990-11-03,0.047497333333333336
1990-11-10,0.049518
1990-11-17,0.05153866666666666
1990-11-24,0.053559333333333334
1990-12-01,0.05558
1990-12-08,0.05818354838709677
1990-12-15,0.06078709677419355
1990-12-22,0.06339064516129032
1990-12-29,0.06599419354838709
1991-01-05,0.06890354838709678
1991-01-12,0.07204225806451613
1991-01-19,0.07518096774193549
1991-01-26,0.07831967741935483
1991-02-02,0.081355
1991-02-09,0.08377
1991-02-16,0.086185
1991-02-23,0.0886
1991-03-02,0.09081612903225807
1991-03-09,0.09183903225806452
1991-03-16,0.09286193548387098
1991-03-23,0.09388483870967743
1991-03-30,0.09490774193548387
1991-04-06,0.09637833333333334
1991-04-13,0.098028
1991-04-20,0.09967766666666666
1991-04-27,0.10132733333333334
1991-05-04,0.10337806451612903
1991-05-11,0.10596354838709678
1991-05-18,0.10854903225806452
1991-05-25,0.11113451612903226
1991-06-01,0.11372
1991-06-08,0.11701233333333333
1991-06-15,0.12030466666666667
1991-06-22,0.123597
1991-06-29,0.12688933333333333
1991-07-06,0.1310525806451613
1991-07-13,0.13556419354838709
1991-07-20,0.1400758064516129
1991-07-27,0.1445874193548387
1991-08-03,0.14930032258064516
1991-08-10,0.15451645161290323
1991-08-17,0.1597325806451613
1991-08-24,0.16494870967741937
1991-08-31,0.1701648387096774
1991-09-07,0.177824
1991-09-14,0.18589033333333332
1991-09-21,0.19395666666666667
1991-09-28,0.202023
1991-10-05,0.2121651612903226
1991-10-12,0.2238641935483871
1991-10-19,0.23556322580645161
1991-10-26,0.24726225806451615
1991-11-02,0.25932333333333335
1991-11-09,0.27355666666666667
1991-11-16,0.28779
1991-11-23,0.30202333333333337
1991-11-30,0.3162566666666667
1991-12-07,0.3342693548387097
1991-12-14,0.35291193548387095
1991-12-21,0.37155451612903223
1991-12-28,0.39019709677419356
1992-01-04,0.4102845161290323
1992-01-11,0.4322983870967742
1992-01-18,0.45431225806451614
1992-01-25,0.47632612903225807
1992-02-01,0.49834
1992-02-08,0.5240831034482759
1992-02-15,0.5498262068965517
1992-02-22,0.5755693103448276
1992-02-29,0.6013124137931035
1992-03-07,0.628326129032258
1992-03-14,0.6555516129032258
1992-03-21,0.6827770967741935
1992-03-28,0.7100025806451613
1992-04-04,0.743598
1992-04-11,0.7856866666666666
1992-04-18,0.8277753333333333
1992-04-25,0.869864
1992-05-02,0.911846129032258
1992-05-09,0.9531890322580645
1992-05-16,0.9945319354838709
1992-05-23,1.0358748387096774
1992-05-30,1.0772177419354838
1992-06-06,1.1286516666666666
1992-06-13,1.184122
1992-06-20,1.2395923333333332
1992-06-27,1.2950626666666667
1992-07-04,1.3551874193548386
1992-07-11,1.421518064516129
1992-07-18,1.4878487096774193
1992-07-25,1.5541793548387095
1992-08-01,1.62051
1992-08-08,1.710636129032258
1992-08-15,1.800762258064516
1992-08-22,1.890888387096774
1992-08-29,1.981014516129032
1992-09-05,2.087608
1992-09-12,2.206552
1992-09-19,2.325496
1992-09-26,2.4444399999999997
1992-10-03,2.56610064516129
1992-10-10,2.6945529032258064
1992-10-17,2.8230051612903226
1992-10-24,2.9514574193548384
1992-10-31,3.0799096774193546
1992-11-07,3.25466
1992-11-14,3.4371266666666664
1992-11-21,3.6195933333333334
1992-11-28,3.80206
1992-12-05,4.032216129032258
1992-12-12,4.2981393548387095
1992-12-19,4.564062580645161
1992-12-26,4.829985806451613
1993-01-02,5.098676774193549
1993-01-09,5.383974193548387
1993-01-16,5.669271612903226
1993-01-23,5.954569032258065
1993-01-30,6.239866451612904
1993-02-06,6.629096071428572
1993-02-13,7.059898571428572
1993-02-20,7.490701071428571
1993-02-27,7.921503571428571
1993-03-06,8.40465129032258
1993-03-13,8.908737096774193
1993-03-20,9.412822903225806
1993-03-27,9.916908709677418
1993-04-03,10.466682666666667
1993-04-10,11.130677
1993-04-17,11.794671333333334
1993-04-24,12.458665666666667
1993-05-01,13.12266
1993-05-08,14.013687741935483
1993-05-15,14.904715483870966
1993-05-22,15.79574322580645
1993-05-29,16.686770967741936
1993-06-05,17.767771999999997
1993-06-12,18.991253
1993-06-19,20.214734
1993-06-26,21.438215
1993-07-03,22.786586774193548
1993-07-10,24.447185483870967
1993-07-17,26.107784193548387
1993-07-24,27.768382903225806
1993-07-31,29.428981612903225
1993-08-07,31.71547516129032
1993-08-14,34.10628451612903
1993-08-21,36.497093870967745
1993-08-28,38.887903225806454
1993-09-04,41.619498
1993-09-11,44.80547333333333
1993-09-18,47.99144866666667
1993-09-25,51.177424
1993-10-02,54.52664032258065
1993-10-09,58.85530258064516
1993-10-16,63.18396483870968
1993-10-23,67.5126270967742
1993-10-30,71.84128935483872
1993-11-06,77.56504166666667
1993-11-13,83.84683
1993-11-20,90.12861833333334
1993-11-27,96.41040666666666
1993-12-04,103.99774193548387
1993-12-11,113.3258064516129
1993-12-18,122.65387096774194
1993-12-25,131.98193548387098
1994-01-01,141.31
1994-01-08,154.16064516129032
1994-01-15,167.01129032258063
1994-01-22,179.86193548387098
1994-01-29,192.7125806451613
1994-02-05,210.32571428571427
1994-02-12,231.51071428571427
1994-02-19,252.69571428571427
1994-02-26,273.88071428571425
1994-03-05,298.5432258064516
1994-03-12,325.81387096774193
1994-03-19,353.08451612903224
1994-03-26,380.3551612903226
1994-04-02,409.6553333333334
1994-04-09,451.1326666666667
1994-04-16,492.61
1994-04-23,534.0873333333334
1994-04-30,575.5646666666667
1994-05-07,634.8706451612903
1994-05-14,697.148064516129
1994-05-21,759.4254838709677
1994-05-28,821.7029032258064
1994-06-04,863.154
1994-06-11,876.8366666666666
1994-06-18,890.5193333333333
1994-06-25,904.202
1994-07-02,916.4796774193547
1994-07-09,920.3274193548386
1994-07-16,924.1751612903225
1994-07-23,928.0229032258064
1994-07-30,931.8706451612903
1994-08-06,935.2716129032258
1994-08-13,938.4938709677419
1994-08-20,941.7161290322581
1994-08-27,944.9383870967742
1994-09-03,948.8946666666667
1994-09-10,954.686
1994-09-17,960.4773333333333
1994-09-24,966.2686666666666
1994-10-01,972.06
1994-10-08,978.2267741935483
1994-10-15,984.3935483870968
1994-10-22,990.5603225806451
1994-10-29,996.7270967741936
1994-11-05,1001.6486666666667
1994-11-12,1005.6363333333334
1994-11-19,1009.624
1994-11-26,1013.6116666666667
1994-12-03,1017.5748387096775
1994-12-10,1021.4767741935484
1994-12-17,1025.3787096774195
1994-12-24,1029.2806451612903
1994-12-31,1033.1825806451614
1995-01-07,1035.78
1995-01-14,1038.16
1995-01-21,1040.54
1995-01-28,1042.92
1995-02-04,1046.014642857143
1995-02-11,1050.0621428571428
1995-02-18,1054.109642857143
1995-02-25,1058.1571428571428
1995-03-04,1062.963870967742
1995-03-11,1068.7829032258064
1995-03-18,1074.6019354838709
1995-03-25,1080.4209677419356
1995-04-01,1086.24
1995-04-08,1093.0066666666667
1995-04-15,1099.7733333333333
1995-04-22,1106.54
1995-04-29,1113.3066666666666
1995-05-06,1119.3045161290322
1995-05-13,1124.9948387096774
1995-05-20,1130.6851612903226
1995-05-27,1136.3754838709679
1995-06-03,1142.2340000000002
1995-06-10,1148.513
1995-06-17,1154.792
1995-06-24,1161.071
1995-07-01,1167.35
1995-07-08,1169.9603225806452
1995-07-15,1172.5706451612903
1995-07-22,1175.1809677419355
1995-07-29,1177.7912903225806
1995-08-05,1180.415806451613
1995-08-12,1183.0509677419354
1995-08-19,1185.6861290322581
1995-08-26,1188.3212903225806
1995-09-02,1191.1396666666667
1995-09-09,1195.0573333333332
1995-09-16,1198.975
1995-09-23,1202.8926666666666
1995-09-30,1206.8103333333331
1995-10-07,1210.8054838709677
1995-10-14,1214.8135483870967
1995-10-21,1218.8216129032257
1995-10-28,1222.8296774193548
1995-11-04,1227.031
1995-11-11,1231.49
1995-11-18,1235.949
1995-11-25,1240.408
1995-12-02,1244.7677419354839
1995-12-09,1248.531935483871
1995-12-16,1252.296129032258
1995-12-23,1256.0603225806453
1995-12-30,1259.8245161290324
1996-01-06,1262.9951612903226
1996-01-13,1265.9283870967743
1996-01-20,1268.861612903226
1996-01-27,1271.7948387096776
1996-02-03,1274.1975862068966
1996-02-10,1275.2741379310346
1996-02-17,1276.3506896551723
1996-02-24,1277.4272413793103
1996-03-02,1278.8696774193547
1996-03-09,1282.5074193548387
1996-03-16,1286.1451612903224
1996-03-23,1289.7829032258064
1996-03-30,1293.4206451612904
1996-04-06,1297.0916666666667
1996-04-13,1300.776
1996-04-20,1304.4603333333334
1996-04-27,1308.1446666666666
1996-05-04,1311.7587096774193
1996-05-11,1315.2790322580645
1996-05-18,1318.7993548387096
1996-05-25,1322.3196774193548
1996-06-01,1325.84
1996-06-08,1329.2746666666667
1996-06-15,1332.7093333333332
1996-06-22,1336.144
1996-06-29,1339.5786666666665
1996-07-06,1341.5116129032258
1996-07-13,1342.8438709677419
1996-07-20,1344.1761290322581
1996-07-27,1345.5083870967742
1996-08-03,1346.5903225806453
1996-08-10,1347.0464516129032
1996-08-17,1347.5025806451613
1996-08-24,1347.9587096774194
1996-08-31,1348.4148387096775
1996-09-07,1349.29
1996-09-14,1350.235
1996-09-21,1351.18
1996-09-28,1352.125
1996-10-05,1353.0887096774193
1996-10-12,1354.0664516129032
1996-10-19,1355.044193548387
1996-10-26,1356.021935483871
1996-11-02,1357.0726666666665
1996-11-09,1358.5613333333333
1996-11-16,1360.05
1996-11-23,1361.5386666666666
1996-11-30,1363.0273333333334
1996-12-07,1366.354193548387
1996-12-14,1369.9874193548387
1996-12-21,1373.6206451612902
1996-12-28,1377.253870967742
1997-01-04,1379.9977419354839
1997-01-11,1381.5558064516129
1997-01-18,1383.1138709677418
1997-01-25,1384.671935483871
1997-02-01,1386.23
1997-02-08,1387.9975
1997-02-15,1389.7649999999999
1997-02-22,1391.5325
1997-03-01,1393.3
1997-03-08,1396.0683870967741
1997-03-15,1398.8367741935483
1997-03-22,1401.6051612903225
1997-03-29,1404.3735483870967
1997-04-05,1406.328
1997-04-12,1407.672
1997-04-19,1409.0159999999998
1997-04-26,1410.36
1997-05-03,1411.8116129032258
1997-05-10,1413.532258064516
1997-05-17,1415.2529032258064
1997-05-24,1416.9735483870968
1997-05-31,1418.6941935483871
1997-06-07,1419.564
1997-06-14,1420.292
1997-06-21,1421.02
1997-06-28,1421.748
1997-07-05,1422.023870967742
1997-07-12,1421.9606451612904
1997-07-19,1421.8974193548386
1997-07-26,1421.834193548387
1997-08-02,1421.8074193548387
1997-08-09,1421.9993548387097
1997-08-16,1422.1912903225807
1997-08-23,1422.3832258064517
1997-08-30,1422.5751612903227
1997-09-06,1423.1750000000002
1997-09-13,1423.938
1997-09-20,1424.701
1997-09-27,1425.4640000000002
1997-10-04,1426.1341935483872
1997-10-11,1426.6806451612904
1997-10-18,1427.2270967741936
1997-10-25,1427.7735483870968
1997-11-01,1428.32
1997-11-08,1429.7526666666665
1997-11-15,1431.1853333333333
1997-11-22,1432.618
1997-11-29,1434.0506666666668
1997-12-06,1436.101935483871
1997-12-13,1438.4006451612904
1997-12-20,1440.6993548387097
1997-12-27,1442.998064516129
1998-01-03,1445.0690322580647
1998-01-10,1446.5706451612905
1998-01-17,1448.072258064516
1998-01-24,1449.5738709677419
1998-01-31,1451.0754838709677
1998-02-07,1452.3464285714285
1998-02-14,1453.5789285714286
1998-02-21,1454.8114285714287
1998-02-28,1456.0439285714285
1998-03-07,1456.8954838709678
1998-03-14,1457.6835483870968
1998-03-21,1458.4716129032258
1998-03-28,1459.2596774193548
1998-04-04,1460.44
1998-04-11,1462.1433333333334
1998-04-18,1463.8466666666666
1998-04-25,1465.55
1998-05-02,1467.0193548387097
1998-05-09,1467.0848387096773
1998-05-16,1467.150322580645
1998-05-23,1467.215806451613
1998-05-30,1467.2812903225806
1998-06-06,1467.0066666666667
1998-06-13,1466.596
1998-06-20,1466.1853333333333
1998-06-27,1465.7746666666667
1998-07-04,1464.8170967741935
1998-07-11,1463.130322580645
1998-07-18,1461.4435483870968
1998-07-25,1459.7567741935484
1998-08-01,1458.07
1998-08-08,1457.3451612903225
1998-08-15,1456.620322580645
1998-08-22,1455.8954838709676
1998-08-29,1455.1706451612902
1998-09-05,1454.8986666666665
1998-09-12,1454.9663333333333
1998-09-19,1455.034
1998-09-26,1455.1016666666667
1998-10-03,1455.0370967741937
1998-10-10,1454.641935483871
1998-10-17,1454.2467741935484
1998-10-24,1453.851612903226
1998-10-31,1453.4564516129033
1998-11-07,1454.3600000000001
1998-11-14,1455.48
1998-11-21,1456.6000000000001
1998-11-28,1457.72
1998-12-05,1459.5174193548387
1998-12-12,1461.8229032258066
1998-12-19,1464.1283870967743
1998-12-26,1466.433870967742
1999-01-02,1468.9074193548388
1999-01-09,1472.3893548387098
1999-01-16,1475.8712903225808
1999-01-23,1479.3532258064515
1999-01-30,1482.8351612903225
1999-02-06,1486.7442857142858
1999-02-13,1490.8242857142857
1999-02-20,1494.9042857142858
1999-02-27,1498.9842857142858
1999-03-06,1501.5048387096774
1999-03-13,1503.401612903226
1999-03-20,1505.2983870967741
1999-03-27,1507.1951612903226
1999-04-03,1508.8519999999999
1999-04-10,1509.9089999999999
1999-04-17,1510.966
1999-04-24,1512.023
1999-05-01,1513.08
1999-05-08,1513.728064516129
1999-05-15,1514.376129032258
1999-05-22,1515.024193548387
1999-05-29,1515.6722580645162
1999-06-05,1518.1526666666666
1999-06-12,1522.0073333333335
1999-06-19,1525.862
1999-06-26,1529.7166666666667
1999-07-03,1533.0235483870968
1999-07-10,1534.9609677419355
1999-07-17,1536.8983870967743
1999-07-24,1538.8358064516128
1999-07-31,1540.7732258064516
1999-08-07,1541.9751612903226
1999-08-14,1543.0545161290322
1999-08-21,1544.1338709677418
1999-08-28,1545.2132258064516
1999-09-04,1547.6699999999998
1999-09-11,1551.9633333333334
1999-09-18,1556.2566666666667
1999-09-25,1560.55
1999-10-02,1564.7093548387097
1999-10-09,1568.0648387096774
1999-10-16,1571.4203225806452
1999-10-23,1574.7758064516129
1999-10-30,1578.1312903225805
1999-11-06,1580.6683333333333
1999-11-13,1582.878
1999-11-20,1585.0876666666666
1999-11-27,1587.2973333333332
1999-12-04,1589.5132258064516
1999-12-11,1591.7374193548387
1999-12-18,1593.9616129032258
1999-12-25,1596.185806451613
2000-01-01,1598.41
2000-01-08,1598.879677419355
2000-01-15,1599.3493548387098
2000-01-22,1599.8190322580645
2000-01-29,1600.2887096774193
2000-02-05,1600.9755172413793
2000-02-12,1601.825172413793
2000-02-19,1602.674827586207
2000-02-26,1603.5244827586207
2000-03-04,1604.6622580645162
2000-03-11,1606.1841935483872
2000-03-18,1607.706129032258
2000-03-25,1609.228064516129
2000-04-01,1610.75
2000-04-08,1610.7873333333334
2000-04-15,1610.8246666666666
2000-04-22,1610.862
2000-04-29,1610.8993333333335
2000-05-06,1611.5083870967742
2000-05-13,1612.346129032258
2000-05-20,1613.183870967742
2000-05-27,1614.0216129032258
2000-06-03,1616.3533333333332
2000-06-10,1622.4199999999998
2000-06-17,1628.4866666666665
2000-06-24,1634.5533333333333
2000-07-01,1640.62
2000-07-08,1645.472580645161
2000-07-15,1650.3251612903225
2000-07-22,1655.1777419354837
2000-07-29,1660.0303225806451
2000-08-05,1662.6029032258064
2000-08-12,1663.4654838709678
2000-08-19,1664.328064516129
2000-08-26,1665.1906451612904
2000-09-02,1666.0076666666666
2000-09-09,1666.5513333333333
2000-09-16,1667.095
2000-09-23,1667.6386666666667
2000-09-30,1668.1823333333334
2000-10-07,1669.2935483870967
2000-10-14,1670.4993548387097
2000-10-21,1671.7051612903226
2000-10-28,1672.9109677419353
2000-11-04,1674.587
2000-11-11,1676.8899999999999
2000-11-18,1679.193
2000-11-25,1681.496
2000-12-02,1683.7796774193548
2000-12-09,1685.9474193548388
2000-12-16,1688.1151612903225
2000-12-23,1690.2829032258064
2000-12-30,1692.4506451612904
2001-01-06,1694.3264516129032
2001-01-13,1696.0854838709677
2001-01-20,1697.8445161290322
2001-01-27,1699.6035483870967
2001-02-03,1701.3214285714284
2001-02-10,1702.9364285714285
2001-02-17,1704.5514285714285
2001-02-24,1706.1664285714285
2001-03-03,1707.9587096774194
2001-03-10,1710.1941935483871
2001-03-17,1712.429677419355
2001-03-24,1714.6651612903227
2001-03-31,1716.9006451612904
2001-04-07,1718.628
2001-04-14,1720.2706666666668
2001-04-21,1721.9133333333334
2001-04-28,1723.556
2001-05-05,1725.4174193548388
2001-05-12,1727.4429032258065
2001-05-19,1729.4683870967742
2001-05-26,1731.493870967742
2001-06-02,1733.9983333333334
2001-06-09,1739.3766666666668
2001-06-16,1744.755
2001-06-23,1750.1333333333332
2001-06-30,1755.5116666666665
2001-07-07,1758.6587096774192
2001-07-14,1761.433870967742
2001-07-21,1764.2090322580646
2001-07-28,1766.984193548387
2001-08-04,1769.0490322580645
2001-08-11,1770.1667741935482
2001-08-18,1771.2845161290322
2001-08-25,1772.402258064516
2001-09-01,1773.52
2001-09-08,1776.9546666666668
2001-09-15,1780.3893333333333
2001-09-22,1783.824
2001-09-29,1787.2586666666666
2001-10-06,1790.2883870967742
2001-10-13,1793.1561290322581
2001-10-20,1796.023870967742
2001-10-27,1798.891612903226
2001-11-03,1801.7206666666668
2001-11-10,1804.453
2001-11-17,1807.1853333333333
2001-11-24,1809.9176666666667
2001-12-01,1812.65
2001-12-08,1814.7793548387097
2001-12-15,1816.9087096774194
2001-12-22,1819.038064516129
2001-12-29,1821.1674193548386
2002-01-05,1822.926451612903
2002-01-12,1824.407741935484
2002-01-19,1825.8890322580646
2002-01-26,1827.3703225806453
2002-02-02,1829.031785714286
2002-02-09,1831.7742857142857
2002-02-16,1834.5167857142858
2002-02-23,1837.2592857142856
2002-03-02,1840.0848387096773
2002-03-09,1843.4087096774192
2002-03-16,1846.7325806451613
2002-03-23,1850.0564516129032
2002-03-30,1853.380322580645
2002-04-06,1854.9783333333332
2002-04-13,1855.886
2002-04-20,1856.7936666666667
2002-04-27,1857.7013333333334
2002-05-04,1858.9748387096774
2002-05-11,1860.736129032258
2002-05-18,1862.4974193548387
2002-05-25,1864.2587096774193
2002-06-01,1866.02
2002-06-08,1871.2023333333334
2002-06-15,1876.3846666666666
2002-06-22,1881.567
2002-06-29,1886.7493333333334
2002-07-06,1890.2090322580646
2002-07-13,1892.9796774193549
2002-07-20,1895.7503225806452
2002-07-27,1898.5209677419355
2002-08-03,1901.3825806451614
2002-08-10,1904.4716129032258
2002-08-17,1907.5606451612903
2002-08-24,1910.649677419355
2002-08-31,1913.7387096774194
2002-09-07,1919.1960000000001
2002-09-14,1925.048
2002-09-21,1930.9
2002-09-28,1936.752
2002-10-05,1946.8174193548386
2002-10-12,1960.0429032258064
2002-10-19,1973.2683870967742
2002-10-26,1986.493870967742
2002-11-02,1999.2283333333332
2002-11-09,2009.0166666666667
2002-11-16,2018.8049999999998
2002-11-23,2028.5933333333332
2002-11-30,2038.3816666666667
2002-12-07,2048.663870967742
2002-12-14,2059.028387096774
2002-12-21,2069.3929032258065
2002-12-28,2079.7574193548385
2003-01-04,2088.8493548387096
2003-01-11,2096.244516129032
2003-01-18,2103.6396774193545
2003-01-25,2111.0348387096774
2003-02-01,2118.43
2003-02-08,2124.9449999999997
2003-02-15,2131.46
2003-02-22,2137.975
2003-03-01,2144.49
2003-03-08,2149.186774193548
2003-03-15,2153.8835483870967
2003-03-22,2158.580322580645
2003-03-29,2163.2770967741935
2003-04-05,2167.0513333333333
2003-04-12,2170.1336666666666
2003-04-19,2173.216
2003-04-26,2176.298333333333
2003-05-03,2178.2890322580647
2003-05-10,2177.5506451612905
2003-05-17,2176.8122580645163
2003-05-24,2176.073870967742
2003-05-31,2175.335483870968
2003-06-07,2176.1
2003-06-14,2177.115
2003-06-21,2178.13
2003-06-28,2179.145
2003-07-05,2180.536129032258
2003-07-12,2182.2093548387097
2003-07-19,2183.882580645161
2003-07-26,2185.5558064516126
2003-08-02,2187.540322580645
2003-08-09,2191.392580645161
2003-08-16,2195.2448387096774
2003-08-23,2199.0970967741937
2003-08-30,2202.94935483871
2003-09-06,2205.1150000000002
2003-09-13,2206.606
2003-09-20,2208.097
2003-09-27,2209.588
2003-10-04,2211.1677419354837
2003-10-11,2212.865806451613
2003-10-18,2214.563870967742
2003-10-25,2216.261935483871
2003-11-01,2217.96
2003-11-08,2220.6503333333335
2003-11-15,2223.3406666666665
2003-11-22,2226.031
2003-11-29,2228.721333333333
2003-12-06,2232.2222580645157
2003-12-13,2236.0474193548384
2003-12-20,2239.872580645161
2003-12-27,2243.697741935484
2004-01-03,2247.313870967742
2004-01-10,2250.4074193548386
2004-01-17,2253.5009677419353
2004-01-24,2256.5945161290324
2004-01-31,2259.688064516129
2004-02-07,2262.3272413793106
2004-02-14,2264.8906896551725
2004-02-21,2267.4541379310344
2004-02-28,2270.0175862068963
2004-03-06,2272.1048387096776
2004-03-13,2274.001612903226
2004-03-20,2275.898387096774
2004-03-27,2277.7951612903225
2004-04-03,2279.924666666667
2004-04-10,2282.636
2004-04-17,2285.347333333333
2004-04-24,2288.058666666667
2004-05-01,2290.77
2004-05-08,2294.4416129032256
2004-05-15,2298.1132258064517
2004-05-22,2301.7848387096774
2004-05-29,2305.4564516129035
2004-06-05,2309.828666666667
2004-06-12,2314.7263333333335
2004-06-19,2319.6240000000003
2004-06-26,2324.5216666666665
2004-07-03,2329.056129032258
2004-07-10,2332.682580645161
2004-07-17,2336.3090322580647
2004-07-24,2339.935483870968
2004-07-31,2343.561935483871
2004-08-07,2345.578064516129
2004-08-14,2347.325806451613
2004-08-21,2349.0735483870967
2004-08-28,2350.821290322581
2004-09-04,2352.855
2004-09-11,2355.27
2004-09-18,2357.685
2004-09-25,2360.1
2004-10-02,2362.695806451613
2004-10-09,2366.376451612903
2004-10-16,2370.0570967741933
2004-10-23,2373.737741935484
2004-10-30,2377.418387096774
2004-11-06,2381.878333333333
2004-11-13,2386.65
2004-11-20,2391.4216666666666
2004-11-27,2396.193333333333
2004-12-04,2400.266129032258
2004-12-11,2403.4070967741936
2004-12-18,2406.548064516129
2004-12-25,2409.6890322580643
2005-01-01,2412.83
2005-01-08,2416.045483870968
2005-01-15,2419.2609677419355
2005-01-22,2422.4764516129035
2005-01-29,2425.691935483871
2005-02-05,2429.184285714286
2005-02-12,2432.884285714286
2005-02-19,2436.5842857142857
2005-02-26,2440.2842857142855
2005-03-05,2444.6106451612904
2005-03-12,2449.4067741935482
2005-03-19,2454.2029032258065
2005-03-26,2458.9990322580647
2005-04-02,2463.5123333333336
2005-04-09,2466.328666666667
2005-04-16,2469.145
2005-04-23,2471.961333333333
2005-04-30,2474.7776666666664
2005-05-07,2475.0832258064515
2005-05-14,2474.970322580645
2005-05-21,2474.8574193548384
2005-05-28,2474.744516129032
2005-06-04,2475.299
2005-06-11,2476.7433333333333
2005-06-18,2478.1876666666667
2005-06-25,2479.632
2005-07-02,2481.006129032258
2005-07-09,2481.9590322580643
2005-07-16,2482.911935483871
2005-07-23,2483.8648387096773
2005-07-30,2484.817741935484
2005-08-06,2486.493225806452
2005-08-13,2488.457741935484
2005-08-20,2490.422258064516
2005-08-27,2492.3867741935483
2005-09-03,2495.0366666666664
2005-09-10,2499.4
2005-09-17,2503.7633333333333
2005-09-24,2508.1266666666666
2005-10-01,2512.49
2005-10-08,2515.61064516129
2005-10-15,2518.7312903225807
2005-10-22,2521.851935483871
2005-10-29,2524.972580645161
2005-11-05,2527.522
2005-11-12,2529.643
2005-11-19,2531.764
2005-11-26,2533.885
2005-12-03,2536.3651612903227
2005-12-10,2539.743225806452
2005-12-17,2543.1212903225805
2005-12-24,2546.4993548387097
2005-12-31,2549.877419354839
2006-01-07,2552.3845161290324
2006-01-14,2554.7464516129035
2006-01-21,2557.1083870967745
2006-01-28,2559.470322580645
2006-02-04,2561.999642857143
2006-02-11,2564.752142857143
2006-02-18,2567.5046428571427
2006-02-25,2570.2571428571428
2006-03-04,2572.352580645161
2006-03-11,2573.571935483871
2006-03-18,2574.7912903225806
2006-03-25,2576.0106451612905
2006-04-01,2577.23
2006-04-08,2577.832
2006-04-15,2578.434
2006-04-22,2579.036
2006-04-29,2579.638
2006-05-06,2578.9358064516127
2006-05-13,2577.711935483871
2006-05-20,2576.488064516129
2006-05-27,2575.264193548387
2006-06-03,2574.716
2006-06-10,2575.857
2006-06-17,2576.998
2006-06-24,2578.139
2006-07-01,2579.28
2006-07-08,2579.571290322581
2006-07-15,2579.8625806451614
2006-07-22,2580.153870967742
2006-07-29,2580.4451612903226
2006-08-05,2581.2693548387097
2006-08-12,2582.493225806452
2006-08-19,2583.7170967741936
2006-08-26,2584.9409677419353
2006-09-02,2586.2743333333333
2006-09-09,2588.2646666666665
2006-09-16,2590.255
2006-09-23,2592.2453333333333
2006-09-30,2594.2356666666665
2006-10-07,2596.076129032258
2006-10-14,2597.891612903226
2006-10-21,2599.7070967741934
2006-10-28,2601.5225806451613
2006-11-04,2603.809
2006-11-11,2606.7233333333334
2006-11-18,2609.6376666666665
2006-11-25,2612.552
2006-12-02,2615.4212903225807
2006-12-09,2618.0203225806454
2006-12-16,2620.6193548387096
2006-12-23,2623.218387096774
2006-12-30,2625.817419354839
2007-01-06,2628.4245161290323
2007-01-13,2631.0348387096774
2007-01-20,2633.6451612903224
2007-01-27,2636.2554838709675
2007-02-03,2638.8171428571427
2007-02-10,2641.2571428571428
2007-02-17,2643.697142857143
2007-02-24,2646.137142857143
2007-03-03,2648.3070967741937
2007-03-10,2649.801935483871
2007-03-17,2651.2967741935486
2007-03-24,2652.791612903226
2007-03-31,2654.2864516129034
2007-04-07,2655.986
2007-04-14,2657.7196666666664
2007-04-21,2659.4533333333334
2007-04-28,2661.187
2007-05-05,2662.8912903225805
2007-05-12,2664.5735483870967
2007-05-19,2666.255806451613
2007-05-26,2667.938064516129
2007-06-02,2669.5936666666666
2007-06-09,2671.0893333333333
2007-06-16,2672.585
2007-06-23,2674.0806666666667
2007-06-30,2675.5763333333334
2007-07-07,2678.2248387096774
2007-07-14,2681.0654838709675
2007-07-21,2683.906129032258
2007-07-28,2686.7467741935484
2007-08-04,2688.838387096774
2007-08-11,2689.9312903225805
2007-08-18,2691.024193548387
2007-08-25,2692.1170967741937
2007-09-01,2693.21
2007-09-08,2695.095333333333
2007-09-15,2696.980666666667
2007-09-22,2698.866
2007-09-29,2700.751333333333
2007-10-06,2702.9448387096772
2007-10-13,2705.261612903226
2007-10-20,2707.5783870967743
2007-10-27,2709.895161290323
2007-11-03,2712.8880000000004
2007-11-10,2717.571
2007-11-17,2722.254
2007-11-24,2726.937
2007-12-01,2731.62
2007-12-08,2734.95064516129
2007-12-15,2738.2812903225804
2007-12-22,2741.6119354838706
2007-12-29,2744.9425806451613
2008-01-05,2748.106774193548
2008-01-12,2751.146129032258
2008-01-19,2754.185483870968
2008-01-26,2757.2248387096774
2008-02-02,2760.286896551724
2008-02-09,2763.485172413793
2008-02-16,2766.683448275862
2008-02-23,2769.881724137931
2008-03-01,2773.08
2008-03-08,2776.5235483870965
2008-03-15,2779.9670967741936
2008-03-22,2783.41064516129
2008-03-29,2786.8541935483872
2008-04-05,2791.267333333333
2008-04-12,2796.4076666666665
2008-04-19,2801.5480000000002
2008-04-26,2806.6883333333335
2008-05-03,2811.7019354838712
2008-05-10,2816.3987096774194
2008-05-17,2821.0954838709677
2008-05-24,2825.792258064516
2008-05-31,2830.4890322580645
2008-06-07,2834.16
2008-06-14,2837.66
2008-06-21,2841.16
2008-06-28,2844.66
2008-07-05,2847.188387096774
2008-07-12,2848.988064516129
2008-07-19,2850.787741935484
2008-07-26,2852.587419354839
2008-08-02,2854.3693548387096
2008-08-09,2856.0448387096776
2008-08-16,2857.720322580645
2008-08-23,2859.395806451613
2008-08-30,2861.071290322581
2008-09-06,2863.6966666666667
2008-09-13,2866.702
2008-09-20,2869.7073333333333
2008-09-27,2872.7126666666663
2008-10-04,2875.431612903226
2008-10-11,2877.7687096774193
2008-10-18,2880.105806451613
2008-10-25,2882.4429032258067
2008-11-01,2884.78
2008-11-08,2886.6653333333334
2008-11-15,2888.550666666667
2008-11-22,2890.436
2008-11-29,2892.3213333333333
2008-12-06,2895.0987096774193
2008-12-13,2898.2329032258062
2008-12-20,2901.3670967741937
2008-12-27,2904.5012903225806
2009-01-03,2907.7716129032256
2009-01-10,2911.382258064516
2009-01-17,2914.9929032258065
2009-01-24,2918.603548387097
2009-01-31,2922.214193548387
2009-02-07,2923.9814285714288
2009-02-14,2925.441428571429
2009-02-21,2926.901428571429
2009-02-28,2928.361428571429
2009-03-07,2931.2912903225806
2009-03-14,2934.4661290322583
2009-03-21,2937.6409677419356
2009-03-28,2940.815806451613
2009-04-04,2944.013
2009-04-11,2947.2400000000002
2009-04-18,2950.467
2009-04-25,2953.694
2009-05-02,2956.803225806452
2009-05-09,2959.2058064516127
2009-05-16,2961.608387096774
2009-05-23,2964.0109677419355
2009-05-30,2966.413548387097
2009-06-06,2968.2866666666664
2009-06-13,2969.948
2009-06-20,2971.6093333333333
2009-06-27,2973.2706666666663
2009-07-04,2974.6516129032257
2009-07-11,2975.658709677419
2009-07-18,2976.6658064516128
2009-07-25,2977.6729032258063
2009-08-01,2978.68
2009-08-08,2980.294516129032
2009-08-15,2981.9090322580646
2009-08-22,2983.5235483870965
2009-08-29,2985.138064516129
2009-09-05,2986.9446666666668
2009-09-12,2988.8953333333334
2009-09-19,2990.846
2009-09-26,2992.7966666666666
2009-10-03,2994.9822580645164
2009-10-10,2997.7551612903226
2009-10-17,3000.528064516129
2009-10-24,3003.3009677419354
2009-10-31,3006.0738709677416
2009-11-07,3008.694
2009-11-14,3011.288666666667
2009-11-21,3013.883333333333
2009-11-28,3016.478
2009-12-05,3020.51
2009-12-12,3025.62
2009-12-19,3030.73
2009-12-26,3035.8399999999997
2010-01-02,3040.984838709677
2010-01-09,3046.338709677419
2010-01-16,3051.692580645161
2010-01-23,3057.046451612903
2010-01-30,3062.400322580645
2010-02-06,3066.7746428571427
2010-02-13,3070.7571428571428
2010-02-20,3074.739642857143
2010-02-27,3078.722142857143
2010-03-06,3082.6922580645164
2010-03-13,3086.657419354839
2010-03-20,3090.622580645161
2010-03-27,3094.587741935484
2010-04-03,3098.308
2010-04-10,3101.416
2010-04-17,3104.524
2010-04-24,3107.632
2010-05-01,3110.74
2010-05-08,3110.74
2010-05-15,3110.74
2010-05-22,3110.74
2010-05-29,3110.74
2010-06-05,3110.7813333333334
2010-06-12,3110.8536666666664
2010-06-19,3110.926
2010-06-26,3110.9983333333334
2010-07-03,3111.13
2010-07-10,3111.4100000000003
2010-07-17,3111.69
2010-07-24,3111.97
2010-07-31,3112.25
2010-08-07,3114.9996774193546
2010-08-14,3118.1609677419356
2010-08-21,3121.322258064516
2010-08-28,3124.4835483870966
2010-09-04,3128.6349999999998
2010-09-11,3134.1066666666666
2010-09-18,3139.5783333333334
2010-09-25,3145.0499999999997
2010-10-02,3150.5832258064515
2010-10-09,3156.485806451613
2010-10-16,3162.3883870967743
2010-10-23,3168.2909677419357
2010-10-30,3174.193548387097
2010-11-06,3179.215
2010-11-13,3183.884
2010-11-20,3188.553
2010-11-27,3193.2219999999998
2010-12-04,3198.4574193548387
2010-12-11,3204.448064516129
2010-12-18,3210.4387096774194
2010-12-25,3216.4293548387095
2011-01-01,3222.42
2011-01-08,3228.241290322581
2011-01-15,3234.0625806451612
2011-01-22,3239.883870967742
2011-01-29,3245.7051612903224
2011-02-05,3251.865714285714
2011-02-12,3258.280714285714
2011-02-19,3264.6957142857145
2011-02-26,3271.1107142857145
2011-03-05,3277.112903225807
2011-03-12,3282.8054838709677
2011-03-19,3288.498064516129
2011-03-26,3294.1906451612904
2011-04-02,3299.587
2011-04-09,3303.206
2011-04-16,3306.825
2011-04-23,3310.444
2011-04-30,3314.063
2011-05-07,3315.541935483871
2011-05-14,3316.664193548387
2011-05-21,3317.7864516129034
2011-05-28,3318.9087096774197
2011-06-04,3320.081
2011-06-11,3321.32
2011-06-18,3322.559
2011-06-25,3323.7980000000002
2011-07-02,3325.2567741935486
2011-07-09,3328.034193548387
2011-07-16,3330.811612903226
2011-07-23,3333.5890322580644
2011-07-30,3336.366451612903
2011-08-06,3340.0132258064514
2011-08-13,3344.007741935484
2011-08-20,3348.002258064516
2011-08-27,3351.9967741935484
2011-09-03,3355.812
2011-09-10,3359.179
2011-09-17,3362.5460000000003
2011-09-24,3365.913
2011-10-01,3369.28
2011-10-08,3373.2361290322583
2011-10-15,3377.1922580645164
2011-10-22,3381.1483870967745
2011-10-29,3385.1045161290326
2011-11-05,3389.0573333333336
2011-11-12,3393.007666666667
2011-11-19,3396.958
2011-11-26,3400.9083333333333
2011-12-03,3404.9596774193546
2011-12-10,3409.2635483870968
2011-12-17,3413.567419354839
2011-12-24,3417.8712903225805
2011-12-31,3422.1751612903226
2012-01-07,3425.7706451612903
2012-01-14,3429.248064516129
2012-01-21,3432.7254838709678
2012-01-28,3436.2029032258065
2012-02-04,3438.936896551724
2012-02-11,3440.6796551724137
2012-02-18,3442.4224137931033
2012-02-25,3444.165172413793
2012-03-03,3446.832580645161
2012-03-10,3451.8116129032255
2012-03-17,3456.7906451612903
2012-03-24,3461.769677419355
2012-03-31,3466.7487096774194
2012-04-07,3469.956
2012-04-14,3472.868
2012-04-21,3475.78
2012-04-28,3478.692
2012-05-05,3480.2987096774195
2012-05-12,3480.9264516129033
2012-05-19,3481.554193548387
2012-05-26,3482.181935483871
2012-06-02,3483.219333333333
2012-06-09,3486.7146666666663
2012-06-16,3490.21
2012-06-23,3493.7053333333333
2012-06-30,3497.2006666666666
2012-07-07,3500.4754838709678
2012-07-14,3503.7135483870966
2012-07-21,3506.951612903226
2012-07-28,3510.1896774193547
2012-08-04,3513.9774193548387
2012-08-11,3518.498064516129
2012-08-18,3523.0187096774193
2012-08-25,3527.5393548387096
2012-09-01,3532.06
2012-09-08,3536.922666666667
2012-09-15,3541.7853333333333
2012-09-22,3546.648
2012-09-29,3551.5106666666666
2012-10-06,3556.3387096774195
2012-10-13,3561.1529032258063
2012-10-20,3565.9670967741936
2012-10-27,3570.7812903225804
2012-11-03,3576.1026666666667
2012-11-10,3582.692
2012-11-17,3589.2813333333334
2012-11-24,3595.8706666666667
2012-12-01,3602.46
2012-12-08,3609.455483870968
2012-12-15,3616.4509677419355
2012-12-22,3623.4464516129033
2012-12-29,3630.441935483871
2013-01-05,3636.2529032258067
2013-01-12,3641.1754838709676
2013-01-19,3646.098064516129
2013-01-26,3651.0206451612903
2013-02-02,3655.8535714285713
2013-02-09,3660.1485714285714
2013-02-16,3664.4435714285714
2013-02-23,3668.7385714285715
2013-03-02,3673.0716129032257
2013-03-09,3677.6329032258063
2013-03-16,3682.194193548387
2013-03-23,3686.7554838709675
2013-03-30,3691.316774193548
2013-04-06,3694.8966666666665
2013-04-13,3698.084
2013-04-20,3701.2713333333336
2013-04-27,3704.458666666667
2013-05-04,3707.2129032258067
2013-05-11,3709.389677419355
2013-05-18,3711.566451612903
2013-05-25,3713.743225806452
2013-06-01,3715.92
2013-06-08,3716.179
2013-06-15,3716.438
2013-06-22,3716.697
2013-06-29,3716.956
2013-07-06,3718.4687096774196
2013-07-13,3720.4829032258067
2013-07-20,3722.4970967741933
2013-07-27,3724.5112903225804
2013-08-03,3726.7912903225806
2013-08-10,3729.735806451613
2013-08-17,3732.6803225806448
2013-08-24,3735.624838709677
2013-08-31,3738.5693548387094
2013-09-07,3743.252
2013-09-14,3748.224333333333
2013-09-21,3753.1966666666667
2013-09-28,3758.1690000000003
2013-10-05,3762.9206451612904
2013-10-12,3767.5067741935486
2013-10-19,3772.092903225807
2013-10-26,3776.6790322580646
2013-11-02,3781.7693333333336
2013-11-09,3789.884666666667
2013-11-16,3798.0
2013-11-23,3806.115333333333
2013-11-30,3814.2306666666664
2013-12-07,3819.45064516129
2013-12-14,3824.188064516129
2013-12-21,3828.9254838709676
2013-12-28,3833.6629032258065
2014-01-04,3838.931612903226
2014-01-11,3844.908709677419
2014-01-18,3850.885806451613
2014-01-25,3856.8629032258063
2014-02-01,3862.84
2014-02-08,3871.7250000000004
2014-02-15,3880.61
2014-02-22,3889.495
2014-03-01,3898.38
2014-03-08,3904.2780645161292
2014-03-15,3910.176129032258
2014-03-22,3916.074193548387
2014-03-29,3921.972258064516
2014-04-05,3926.9066666666668
2014-04-12,3931.1183333333333
2014-04-19,3935.33
2014-04-26,3939.541666666667
2014-05-03,3943.567419354839
2014-05-10,3947.1283870967745
2014-05-17,3950.6893548387097
2014-05-24,3954.2503225806454
2014-05-31,3957.8112903225806
2014-06-07,3958.4
2014-06-14,3958.4933333333333
2014-06-21,3958.5866666666666
2014-06-28,3958.68
2014-07-05,3959.9974193548387
2014-07-12,3962.2329032258062
2014-07-19,3964.468387096774
2014-07-26,3966.7038709677418
2014-08-02,3969.3496774193545
2014-08-09,3974.4574193548387
2014-08-16,3979.5651612903225
2014-08-23,3984.6729032258063
2014-08-30,3989.78064516129
2014-09-06,3994.0333333333333
2014-09-13,3997.944
2014-09-20,4001.8546666666666
2014-09-27,4005.7653333333333
2014-10-04,4009.978064516129
2014-10-11,4014.5935483870967
2014-10-18,4019.2090322580643
2014-10-25,4023.8245161290324
2014-11-01,4028.44
2014-11-08,4035.7713333333336
2014-11-15,4043.1026666666667
2014-11-22,4050.434
2014-11-29,4057.7653333333333
2014-12-06,4067.9793548387097
2014-12-13,4079.3464516129034
2014-12-20,4090.7135483870966
2014-12-27,4102.08064516129
2015-01-03,4113.434838709677
2015-01-10,4124.756774193548
2015-01-17,4136.078709677419
2015-01-24,4147.40064516129
2015-01-31,4158.7225806451615
2015-02-07,4172.108571428572
2015-02-14,4185.838571428571
2015-02-21,4199.568571428572
2015-02-28,4213.298571428571
2015-03-07,4221.052903225806
2015-03-14,4227.811290322581
2015-03-21,4234.569677419355
2015-03-28,4241.3280645161285
2015-04-04,4248.331
2015-04-11,4255.66
2015-04-18,4262.989
2015-04-25,4270.318
2015-05-02,4277.6900000000005
2015-05-09,4285.320000000001
2015-05-16,4292.950000000001
2015-05-23,4300.58
2015-05-30,4308.21
2015-06-06,4314.843333333333
2015-06-13,4321.078
2015-06-20,4327.312666666667
2015-06-27,4333.547333333333
2015-07-04,4338.033225806451
2015-07-11,4340.187419354838
2015-07-18,4342.341612903226
2015-07-25,4344.495806451612
2015-08-01,4346.65
2015-08-08,4351.949677419355
2015-08-15,4357.249354838709
2015-08-22,4362.5490322580645
2015-08-29,4367.848709677419
2015-09-05,4374.897333333333
2015-09-12,4383.257666666666
2015-09-19,4391.6179999999995
2015-09-26,4399.9783333333335
2015-10-03,4408.820967741935
2015-10-10,4418.869354838709
2015-10-17,4428.917741935484
2015-10-24,4438.966129032258
2015-10-31,4449.014516129032
2015-11-07,4458.994
2015-11-14,4468.9619999999995
2015-11-21,4478.93
2015-11-28,4488.898
2015-12-05,4500.532580645161
2015-12-12,4513.417096774194
2015-12-19,4526.301612903226
2015-12-26,4539.186129032258
2016-01-02,4551.550967741935
2016-01-09,4560.797741935484
2016-01-16,4570.044516129032
2016-01-23,4579.291290322581
2016-01-30,4588.538064516129
2016-02-06,4594.583448275862
2016-02-13,4599.348275862069
2016-02-20,4604.113103448276
2016-02-27,4608.877931034483
2016-03-05,4614.549677419355
2016-03-12,4620.901612903226
2016-03-19,4627.253548387097
2016-03-26,4633.605483870968
2016-04-02,4640.256
2016-04-09,4648.698
2016-04-16,4657.139999999999
2016-04-23,4665.581999999999
2016-04-30,4674.023999999999
2016-05-07,4678.396451612903
2016-05-14,4682.09064516129
2016-05-21,4685.784838709677
2016-05-28,4689.479032258065
2016-06-04,4694.03
2016-06-11,4699.723333333333
2016-06-18,4705.416666666667
2016-06-25,4711.11
2016-07-02,4716.659354838709
2016-07-09,4721.344838709677
2016-07-16,4726.030322580645
2016-07-23,4730.7158064516125
2016-07-30,4735.40129032258
2016-08-06,4737.35129032258
2016-08-13,4738.207096774193
2016-08-20,4739.062903225807
2016-08-27,4739.918709677419
2016-09-03,4741.352
2016-09-10,4744.228999999999
2016-09-17,4747.106
2016-09-24,4749.982999999999
2016-10-01,4752.86
2016-10-08,4754.792903225806
2016-10-15,4756.725806451613
2016-10-22,4758.658709677419
2016-10-29,4760.591612903226
2016-11-05,4763.324
2016-11-12,4766.656
2016-11-19,4769.988
2016-11-26,4773.32
2016-12-03,4776.870967741936
2016-12-10,4780.9693548387095
2016-12-17,4785.067741935484
2016-12-24,4789.166129032258
2016-12-31,4793.264516129033
2017-01-07,4796.911935483871
2017-01-14,4800.484193548387
2017-01-21,4804.056451612903
2017-01-28,4807.6287096774195
2017-02-04,4810.957857142857
2017-02-11,4813.962857142857
2017-02-18,4816.967857142857
2017-02-25,4819.972857142857
2017-03-04,4822.343225806451
2017-03-11,4823.867419354839
2017-03-18,4825.391612903225
2017-03-25,4826.915806451612
2017-04-01,4828.44
2017-04-08,4831.933
2017-04-15,4835.4259999999995
2017-04-22,4838.919
2017-04-29,4842.412
2017-05-06,4841.613225806452
2017-05-13,4839.097741935484
2017-05-20,4836.582258064516
2017-05-27,4834.066774193549
2017-06-03,4833.043333333334
2017-06-10,4835.75
2017-06-17,4838.456666666667
2017-06-24,4841.163333333333
2017-07-01,4843.87
2017-07-08,4845.9474193548385
2017-07-15,4848.024838709677
2017-07-22,4850.102258064516
2017-07-29,4852.179677419354
2017-08-05,4854.07129032258
2017-08-12,4855.823548387097
2017-08-19,4857.575806451613
2017-08-26,4859.3280645161285
2017-09-02,4861.510666666667
2017-09-09,4866.275333333333
2017-09-16,4871.04
2017-09-23,4875.804666666667
2017-09-30,4880.569333333333
2017-10-07,4883.895806451613
2017-10-14,4886.982580645162
2017-10-21,4890.06935483871
2017-10-28,4893.156129032258
2017-11-04,4897.0740000000005
2017-11-11,4902.1
2017-11-18,4907.126
2017-11-25,4912.152
2017-12-02,4916.92
2017-12-09,4920.14
2017-12-16,4923.360000000001
2017-12-23,4926.58
2017-12-30,4929.8
2018-01-06,4933.265161290323
2018-01-13,4936.828387096774
2018-01-20,4940.391612903226
2018-01-27,4943.9548387096775
2018-02-03,4946.817857142857
2018-02-10,4947.930357142857
2018-02-17,4949.042857142857
2018-02-24,4950.155357142857
2018-03-03,4951.652580645161
2018-03-10,4954.111612903226
2018-03-17,4956.5706451612905
2018-03-24,4959.029677419355
2018-03-31,4961.488709677419
2018-04-07,4965.81
2018-04-14,4970.441666666667
2018-04-21,4975.073333333333
2018-04-28,4979.705
2018-05-05,4989.789354838709
2018-05-12,5003.963225806451
2018-05-19,5018.137096774193
2018-05-26,5032.310967741935
2018-06-02,5045.015
2018-06-09,5048.9
2018-06-16,5052.785
2018-06-23,5056.67
2018-06-30,5060.554999999999
2018-07-07,5060.22935483871
2018-07-14,5059.201935483871
2018-07-21,5058.174516129033
2018-07-28,5057.147096774193
2018-08-04,5058.90870967742
2018-08-11,5064.389032258065
2018-08-18,5069.86935483871
2018-08-25,5075.3496774193545
2018-09-01,5080.83
2018-09-08,5086.164
2018-09-15,5091.498
2018-09-22,5096.831999999999
2018-09-29,5102.165999999999
2018-10-06,5101.960967741935
2018-10-13,5099.540322580645
2018-10-20,5097.119677419355
2018-10-27,5094.699032258065
2018-11-03,5093.479333333334
2018-11-10,5095.262
2018-11-17,5097.044666666667
2018-11-24,5098.827333333333
2018-12-01,5100.61
2018-12-08,5104.2951612903225
2018-12-15,5107.980322580645
2018-12-22,5111.665483870968
2018-12-29,5115.35064516129
2019-01-05,5119.76870967742
2019-01-12,5124.736451612904
2019-01-19,5129.704193548388
2019-01-26,5134.6719354838715
2019-02-02,5140.306428571429
2019-02-09,5149.941428571429
2019-02-16,5159.576428571429
2019-02-23,5169.211428571429
2019-03-02,5178.4219354838715
2019-03-09,5185.085483870967
2019-03-16,5191.749032258064
2019-03-23,5198.412580645161
2019-03-30,5205.076129032258
2019-04-06,5208.108333333333
2019-04-13,5209.688
2019-04-20,5211.267666666667
2019-04-27,5212.847333333333
2019-05-04,5213.800322580645
2019-05-11,5213.917741935484
2019-05-18,5214.035161290323
2019-05-25,5214.152580645162
2019-06-01,5214.27
2019-06-08,5216.582333333334
2019-06-15,5218.894666666667
2019-06-22,5221.207
2019-06-29,5223.519333333334
2019-07-06,5225.107419354839
2019-07-13,5226.405806451613
2019-07-20,5227.704193548388
2019-07-27,5229.002580645161
2019-08-03,5229.7951612903225
2019-08-10,5229.323225806452
2019-08-17,5228.851290322581
2019-08-24,5228.37935483871
2019-08-31,5227.907419354839
2019-09-07,5228.886
2019-09-14,5230.106333333333
2019-09-21,5231.326666666667
2019-09-28,5232.547
2019-10-05,5236.513870967742
2019-10-12,5242.54064516129
2019-10-19,5248.567419354838
2019-10-26,5254.594193548387
2019-11-02,5261.776333333333
2019-11-09,5275.890666666667
2019-11-16,5290.005
2019-11-23,5304.119333333333
2019-11-30,5318.233666666667
2019-12-07,5322.411935483871
2019-12-14,5324.934193548387
2019-12-21,5327.456451612903
2019-12-28,5329.97870967742
2020-01-04,5332.71
2020-01-11,5335.72
2020-01-18,5338.7300000000005
2020-01-25,5341.74
2020-02-01,5344.75
2020-02-08,5345.652758620689
2020-02-15,5346.555517241379
2020-02-22,5347.458275862069
2020-02-29,5348.361034482758
2020-03-07,5345.2809677419355
2020-03-14,5341.537096774194
2020-03-21,5337.793225806451
2020-03-28,5334.049354838709
2020-04-04,5329.884
2020-04-11,5325.156666666667
2020-04-18,5320.4293333333335
2020-04-25,5315.701999999999
2020-05-02,5312.095483870968
2020-05-09,5315.213870967742
2020-05-16,5318.332258064516
2020-05-23,5321.450645161291
2020-05-30,5324.569032258065
2020-06-06,5328.655
2020-06-13,5333.128
2020-06-20,5337.601
2020-06-27,5342.0740000000005
2020-07-04,5345.8716129032255
2020-07-11,5348.76870967742
2020-07-18,5351.665806451613
2020-07-25,5354.562903225807
2020-08-01,5357.46
2020-08-08,5365.202903225806
2020-08-15,5372.945806451613
2020-08-22,5380.688709677419
2020-08-29,5388.431612903226
2020-09-05,5397.932666666667
2020-09-12,5408.752333333333
2020-09-19,5419.572
2020-09-26,5430.391666666666
2020-10-03,5441.242580645161
2020-10-10,5452.171612903226
2020-10-17,5463.10064516129
2020-10-24,5474.029677419355
2020-10-31,5484.958709677419
2020-11-07,5501.334000000001
2020-11-14,5518.617
2020-11-21,5535.900000000001
2020-11-28,5553.183
2020-12-05,5562.383548387097
2020-12-12,5565.522258064516
2020-12-19,5568.660967741936
2020-12-26,5571.799677419354
2021-01-02,5576.036451612903
2021-01-09,5586.861612903226
2021-01-16,5597.686774193548
2021-01-23,5608.511935483871
2021-01-30,5619.337096774194
2021-02-06,5631.7675
2021-02-13,5644.84
2021-02-20,5657.9125
2021-02-27,5670.985000000001
2021-03-06,5677.557096774194
2021-03-13,5681.529032258065
2021-03-20,5685.500967741936
2021-03-27,5689.4729032258065
2021-04-03,5695.46
2021-04-10,5706.485000000001
2021-04-17,5717.51
2021-04-24,5728.535000000001
2021-05-01,5739.56
2021-05-08,5746.429032258065
2021-05-15,5753.298064516129
2021-05-22,5760.167096774193
2021-05-29,5767.036129032258
2021-06-05,5777.365333333333
2021-06-12,5790.289666666667
2021-06-19,5803.214
2021-06-26,5816.138333333333
2021-07-03,5828.6396774193545
2021-07-10,5840.083548387097
2021-07-17,5851.5274193548385
2021-07-24,5862.971290322581
2021-07-31,5874.415161290322
2021-08-07,5889.242258064516
2021-08-14,5904.633225806452
2021-08-21,5920.024193548387
2021-08-28,5935.415161290322
2021-09-04,5951.64
2021-09-11,5968.9766666666665
2021-09-18,5986.3133333333335
2021-09-25,6003.650000000001
2021-10-02,6020.354516129032
2021-10-09,6033.2661290322585
2021-10-16,6046.177741935484
2021-10-23,6059.089354838709
2021-10-30,6072.000967741935
2021-11-06,6083.081666666666
2021-11-13,6093.429999999999
2021-11-20,6103.778333333333
2021-11-27,6114.126666666667
