date,year,quarter,month,Ibov,Monthly_CPI,Market_Expactations:GDP,Unemployment_Claims,Air_Traffic_(Domestic),Agriculture_Price:Soybean,Soy_(Volume),Automobile_Sales,Aluminium_Production(Volume),Energy_Generation,Retail_Trade_Index
Code1,0,0,0,3.0,4.0,7.0,1.0,2.0,2.0,3.0,0.0,1.0,2.0,2.0
Code2,0,0,0,7.0,3.0,2.0,1.0,1.0,2.0,3.0,5.0,9.0,1.0,1.0
Code3,0,0,0,3.0,4.0,1.0,5.0,1.0,9.0,1.0,1.0,3.0,3.0,0.0
1995-01-07,0,0,0,4049.804,,,,,,,,,,
1995-01-14,0,0,0,3668.2880000000005,,,,,,,,,,
1995-01-21,0,0,0,4003.282,,,,,,,,,,
1995-01-28,0,0,1,3827.48,,,,,,,75169.0,,,
1995-02-04,0,0,0,3853.1975,,,,,,,,,,
1995-02-11,0,0,0,3546.5519999999997,,,,,,,,,,
1995-02-18,0,0,0,3088.734,,,,,,,,,,
1995-02-25,0,0,1,3023.072,,,,,,,109222.0,,,
1995-03-04,0,0,0,2988.54,,,,,,,,,,
1995-03-11,0,0,0,2534.12,,,,,,,,,,
1995-03-18,0,0,0,2950.008,,,,,,,,,,
1995-03-25,0,1,1,3077.386,,,,,,,130951.0,,,
1995-04-01,0,0,0,3237.9300000000003,,,,,,,,,,
1995-04-08,0,0,0,3129.248,,,,,,,,,,
1995-04-15,0,0,0,3050.8700000000003,,,,,,,,,,
1995-04-22,0,0,0,3255.495,,,,,,,,,,
1995-04-29,0,0,1,3740.5379999999996,,,,,,,116006.0,,,
1995-05-06,0,0,0,3972.41,,,,,,,,,,
1995-05-13,0,0,0,3995.886,,,,,,,,,,
1995-05-20,0,0,0,3930.3120000000004,,,,,,,,,,
1995-05-27,0,0,1,4021.174,,,,,,,135231.0,,,
1995-06-03,0,0,0,3835.7775,,,,,,,,,,
1995-06-10,0,0,0,3858.6800000000003,,,,,,,,,,
1995-06-17,0,0,0,3719.2325,,,,,,,,,,
1995-06-24,0,1,1,3617.8239999999996,,,,,,,137623.0,,,
1995-07-01,0,0,0,3647.96,,,,,,,,,,
1995-07-08,0,0,0,3742.192,,,,,,,,,,
1995-07-15,0,0,0,3981.674,,,,,,,,,,
1995-07-22,0,0,0,3913.226,,,,,,,,,,
1995-07-29,0,0,1,3899.528,,,,,,,107161.0,,,
1995-08-05,0,0,0,4003.7850000000003,,,,,,,,,,
1995-08-12,0,0,0,4302.882,,,,,,,,,,
1995-08-19,0,0,0,4185.086,,,,,,,,,,
1995-08-26,0,0,1,4395.994000000001,,,,,,,143484.0,,,
1995-09-02,0,0,0,4392.2,,,,,,,,,,
1995-09-09,0,0,0,4541.24,,,,,,,,,,
1995-09-16,0,0,0,4738.392,,,,,,,,,,
1995-09-23,0,0,0,4771.318,,,,,,,,,,
1995-09-30,0,1,1,4581.574,,,,,,,125596.0,,,
1995-10-07,0,0,0,4496.37,,,,,,,,,,
1995-10-14,0,0,0,4470.13,,,,,,,,,,
1995-10-21,0,0,0,4605.236,,,,,,,,,,
1995-10-28,0,0,1,4327.354,,,,,,,129623.0,,,
1995-11-04,0,0,0,4109.22,,,,,,,,,,
1995-11-11,0,0,0,4078.692,,,,,,,,,,
1995-11-18,0,0,0,3912.89,,,,,,,,,,
1995-11-25,0,0,1,4080.808,,,,,,,130905.0,,,
1995-12-02,0,0,0,4170.8525,,,,,,,,,,
1995-12-09,0,0,0,4307.378,,,,,,,,,,
1995-12-16,0,0,0,4276.724,,,,,,,,,,
1995-12-23,0,0,0,4178.392,,,,,,,,,,
1995-12-30,1,1,1,4336.426666666666,,,,,,,112287.0,,,
1996-01-06,0,0,0,4612.4800000000005,,,,,,,,,,
1996-01-13,0,0,0,4722.466,,,,,,,,,,
1996-01-20,0,0,0,4864.26,,,,,,,,,,
1996-01-27,0,0,1,4933.05,,,,,,,96838.0,,,
1996-02-03,0,0,0,5187.1425,,,,,,,,,,
1996-02-10,0,0,0,5319.61,,,,,,,,,,
1996-02-17,0,0,0,5300.402,,,,,,,,,,
1996-02-24,0,0,1,5256.035,,,,,,,120398.0,,,
1996-03-02,0,0,0,5180.2225,,,,,,,,,,
1996-03-09,0,0,0,4960.7699999999995,,,,,,,,,,
1996-03-16,0,0,0,4802.11,,,,,,,,,,
1996-03-23,0,0,0,4927.55,,,,,,,,,,
1996-03-30,0,1,1,4997.67,,,,,,,137281.0,,,
1996-04-06,0,0,0,4990.806666666667,,,,,,,,,,
1996-04-13,0,0,0,4902.096,,,,,,,,,,
1996-04-20,0,0,0,5018.654,,,,,,,,,,
1996-04-27,0,0,1,5090.618,,,,,,,126432.0,,,
1996-05-04,0,0,0,5132.253333333333,,,,,,,,,,
1996-05-11,0,0,0,5306.304,,,,,,,,,,
1996-05-18,0,0,0,5478.526,,,,,,,,,,
1996-05-25,0,0,1,5614.138000000001,148.041,,,,,,139516.0,,,
1996-06-01,0,0,0,5663.0825,,,,,,,,,,
1996-06-08,0,0,0,5583.1525,,,,,,,,,,
1996-06-15,0,0,0,5508.346,,,,,,,,,,
1996-06-22,0,0,0,5866.55,,,,,,,,,,
1996-06-29,0,1,1,6147.366,150.517,,,,,,122437.0,,,
1996-07-06,0,0,0,6295.218,,,,,,,,,,
1996-07-13,0,0,0,6486.41,,,,,,,,,,
1996-07-20,0,0,0,6308.2919999999995,,,,,,,,,,
1996-07-27,0,0,1,6127.492,151.868,,,,,,150328.0,,,
1996-08-03,0,0,0,6173.3975,,,,,,,,,,
1996-08-10,0,0,0,6204.032,,,,,,,,,,
1996-08-17,0,0,0,6292.054,,,,,,,,,,
1996-08-24,0,0,0,6279.134,,,,,,,,,,
1996-08-31,0,0,1,6195.67,152.204,,,,,,153925.0,,,
1996-09-07,0,0,0,6273.614,,,,,,,,,,
1996-09-14,0,0,0,6402.372,,,,,,,,,,
1996-09-21,0,0,0,6536.956,,,,,,,,,,
1996-09-28,0,1,1,6524.834,151.729,,,,,,148772.0,,,
1996-10-05,0,0,0,6584.836666666667,,,,,,,,,,
1996-10-12,0,0,0,6626.144,,,,,,,,,,
1996-10-19,0,0,0,6734.794,,,,,,,,,,
1996-10-26,0,0,1,6643.064,151.567,,,,,,149587.0,,,
1996-11-02,0,0,0,6533.8075,,,,,,,,,,
1996-11-09,0,0,0,6657.396000000001,,,,,,,,,,
1996-11-16,0,0,0,6550.045,,,,,,,,,,
1996-11-23,0,0,0,6585.147999999999,,,,,,,,,,
1996-11-30,0,0,1,6636.714,152.257,,,,,,148279.0,,,
1996-12-07,0,0,0,6838.01,,,,,,,,,,
1996-12-14,0,0,0,6741.526,,,,,,,,,,
1996-12-21,0,0,0,6836.644,,,,,,,,,,
1996-12-28,1,1,1,6959.06,152.277,,,,,,127558.0,,,
1997-01-04,0,0,0,6997.743333333333,,,,,,,,,,
1997-01-11,0,0,0,7363.306,,,,,,,,,,
1997-01-18,0,0,0,7634.502,,,,,,,,,,
1997-01-25,0,0,1,7841.658,155.113,,,,,,126150.0,,,
1997-02-01,0,0,0,7783.6375,,,,,,,,,,
1997-02-08,0,0,0,8166.754000000001,,,,,,,,,,
1997-02-15,0,0,0,8711.843333333332,,,,,,,,,,
1997-02-22,0,0,1,8791.795999999998,156.243,,,,,,134349.0,,,
1997-03-01,0,0,0,8953.2525,,,,,,,,,,
1997-03-08,0,0,0,9064.0,,,,,,,,,,
1997-03-15,0,0,0,9423.0,,,,,,,,,,
1997-03-22,0,0,0,9225.539999999999,,,,,,,,,,
1997-03-29,0,1,1,9326.533333333333,157.232,,,,,,154748.0,,,
1997-04-05,0,0,0,9345.725,,,,,,,,,,
1997-04-12,0,0,0,9728.7,,,,,,,,,,
1997-04-19,0,0,0,9470.460000000001,,,,,,,,,,
1997-04-26,0,0,1,9637.1,158.439,,,,,,171161.0,,,
1997-05-03,0,0,0,9897.966666666667,,,,,,,,,,
1997-05-10,0,0,0,10264.18,,,,,,,,,,
1997-05-17,0,0,0,10492.880000000001,,,,,,,,,,
1997-05-24,0,0,0,10674.08,,,,,,,,,,
1997-05-31,0,0,1,11184.825,158.773,,,,,,162206.0,,,
1997-06-07,0,0,0,11188.24,,,,,,,,,,
1997-06-14,0,0,0,11598.880000000001,,,,,,,,,,
1997-06-21,0,0,0,12120.86,,,,,,,,,,
1997-06-28,0,1,1,12702.24,160.933,,,,,,168403.0,,,
1997-07-05,0,0,0,13260.1,,,,,,,,,,
1997-07-12,0,0,0,13470.375,,,,,,,,,,
1997-07-19,0,0,0,11973.2,,,,,,,,,,
1997-07-26,0,0,1,12200.2,161.614,,,,,,157569.0,,,
1997-08-02,0,0,0,12814.825,,,,,,,,,,
1997-08-09,0,0,0,12180.039999999999,,,,,,,,,,
1997-08-16,0,0,0,11769.64,,,,,,,,,,
1997-08-23,0,0,0,11147.259999999998,,,,,,,,,,
1997-08-30,0,0,1,11328.64,161.529,,,,,,170974.0,,,
1997-09-06,0,0,0,11112.060000000001,,,,,,,,,,
1997-09-13,0,0,0,11433.3,,,,,,,,,,
1997-09-20,0,0,0,11391.36,,,,,,,,,,
1997-09-27,0,1,1,11522.880000000001,161.292,,,,,,182044.0,,,
1997-10-04,0,0,0,12181.275,,,,,,,,,,
1997-10-11,0,0,0,12604.64,,,,,,,,,,
1997-10-18,0,0,0,12697.8,,,,,,,,,,
1997-10-25,0,0,1,12423.939999999999,161.78,,,,,,183502.0,,,
1997-11-01,0,0,0,9734.225,,,,,,,,,,
1997-11-08,0,0,0,9673.52,,,,,,,,,,
1997-11-15,0,0,0,8468.5,,,,,,,,,,
1997-11-22,0,0,0,9210.74,,,,,,,,,,
1997-11-29,0,0,1,9321.44,162.307,,,,,,135546.0,,,
1997-12-06,0,0,0,9946.14,,,,,,,,,,
1997-12-13,0,0,0,9527.16,,,,,,,,,,
1997-12-20,0,0,0,9553.78,,,,,,,,,,
1997-12-27,1,1,1,9614.466666666667,163.485,,,,,,102689.0,,,
1998-01-03,0,0,0,10242.716666666667,,,,,,,,,,
1998-01-10,0,0,0,9889.27,,,,,,,,,,
1998-01-17,0,0,0,9316.088,,,,,,,,,,
1998-01-24,0,0,0,9576.630000000001,,,,,,,,,,
1998-01-31,0,0,1,9688.776,165.324,,,,,,106457.0,,,
1998-02-07,0,0,0,9991.59,,,,,,,,,,
1998-02-14,0,0,0,10343.816,,,,,,,,,,
1998-02-21,0,0,0,10305.98,,,,,,,,,,
1998-02-28,0,0,1,10557.699999999999,166.086,,,,,,103225.0,,,
1998-03-07,0,0,0,10957.998000000001,,,,,,,,,,
1998-03-14,0,0,0,11298.612,,,,,,,,,,
1998-03-21,0,0,0,11810.882000000001,,,,,,,,,,
1998-03-28,0,1,1,11908.992,166.516,,,,,31345118.0,149939.0,,,
1998-04-04,0,0,0,11769.82,,,,,,,,,,
1998-04-11,0,0,0,11923.519999999999,,,,,,,,,,
1998-04-18,0,0,0,12177.823999999999,,,,,,,,,,
1998-04-25,0,0,1,11758.0425,166.844,,,,,31418528.0,136064.0,,,
1998-05-02,0,0,0,11320.753333333334,,,,,,,,,,
1998-05-09,0,0,0,11302.144,,,,,,,,,,
1998-05-16,0,0,0,10840.117999999999,,,,,,,,,,
1998-05-23,0,0,0,10292.905999999999,,,,,,,,,,
1998-05-30,0,0,1,9839.666000000001,167.282,,,,,31303498.0,148750.0,,,
1998-06-06,0,0,0,10034.358,,,,,,,,,,
1998-06-13,0,0,0,10090.7425,,,,,,,,,,
1998-06-20,0,0,0,9489.148000000001,,,,,,,,,,
1998-06-27,0,1,1,9680.9,167.667,,,,,31423197.0,138217.0,,,
1998-07-04,0,0,0,9883.692500000001,,,,,,,,,,
1998-07-11,0,0,0,10221.45,,,,,,,,,,
1998-07-18,0,0,0,10734.954000000002,,,,,,,,,,
1998-07-25,0,0,1,10818.266,167.515,,,,,31419697.0,111121.0,,,
1998-08-01,0,0,0,10591.0475,,,,,,,,,,
1998-08-08,0,0,0,9822.008,,,,,,,,,,
1998-08-15,0,0,0,8771.119999999999,,,,,,,,,,
1998-08-22,0,0,0,8309.928,,,,,,,,,,
1998-08-29,0,0,1,7202.914,166.754,,,,,31271712.0,155850.0,,,
1998-09-05,0,0,0,6444.365,,,,,,,,,,
1998-09-12,0,0,0,5407.8125,,,,,,,,,,
1998-09-19,0,0,0,6525.164,,,,,,,,,,
1998-09-26,0,1,1,6769.136,166.095,,,,,31271843.0,120346.0,,,
1998-10-03,0,0,0,6516.5625,,,,,,,,,,
1998-10-10,0,0,0,6263.71,,,,,,,,,,
1998-10-17,0,0,0,6661.2125,,,,,,,,,,
1998-10-24,0,0,0,7208.746000000001,,,,,,,,,,
1998-10-31,0,0,1,6850.65,166.221,,,,,31283349.0,92875.0,,,
1998-11-07,0,0,0,7868.05,,,,,,,,,,
1998-11-14,0,0,0,7818.339999999999,,,,,,,,,,
1998-11-21,0,0,0,8346.088,,,,,,,,,,
1998-11-28,0,0,1,8839.886,166.102,,,,,31283349.0,82152.0,,,
1998-12-05,0,0,0,8081.55,,,,,,,,,,
1998-12-12,0,0,0,7574.75,,,,,,,,,,
1998-12-19,0,0,0,6712.7919999999995,,,,,,,,,,
1998-12-26,1,1,1,7164.3,165.779,,,,,31357324.0,85997.0,,,
1999-01-02,0,0,0,6799.483333333334,,,,,,,,,,
1999-01-09,0,0,0,7023.825999999999,,,,,,,,,,
1999-01-16,0,0,0,5947.96,,,,,,,,,,
1999-01-23,0,0,0,7335.719999999999,,,,,,,,,,
1999-01-30,0,0,1,7872.8225,166.946,,,,,29284927.0,83451.0,,26838.022,
1999-02-06,0,0,0,8677.436,,,,,,,,,,
1999-02-13,0,0,0,8858.688,,,,,,,,,,
1999-02-20,0,0,0,8949.28,,,,,,,,,,
1999-02-27,0,0,1,8911.066,168.561,,,,,30761976.0,45676.0,,26277.5606,
1999-03-06,0,0,0,9279.326,,,,,,,,,,
1999-03-13,0,0,0,9663.974,,,,,,,,,,
1999-03-20,0,0,0,10687.404,,,,,,,,,,
1999-03-27,0,1,1,10635.022,170.574,,,,,30818867.0,137055.0,,29933.8598,
1999-04-03,0,0,0,10948.235,,,,,,,,,,
1999-04-10,0,0,0,11302.274,,,,,,,,,,
1999-04-17,0,0,0,11325.466,,,,,,,,,,
1999-04-24,0,0,1,11075.455,171.722,,,,,31288810.0,117611.0,,28201.18034,
1999-05-01,0,0,0,10973.935,,,,,,,,,,
1999-05-08,0,0,0,11681.124,,,,,,,,,,
1999-05-15,0,0,0,12324.333999999999,,,,,,,,,,
1999-05-22,0,0,0,12070.662,,,,,,,,,,
1999-05-29,0,0,1,10973.704000000002,172.1,,,,,30123877.0,115831.0,,28549.33024,
1999-06-05,0,0,0,11093.616666666667,,,,,,,,,,
1999-06-12,0,0,0,11032.794,,,,,,,,,,
1999-06-19,0,0,0,11483.33,,,,,,,,,,
1999-06-26,0,1,1,11684.474,172.52,,,,,30821175.0,109000.0,,27884.2693,
1999-07-03,0,0,0,11546.75,,,,,,,,,,
1999-07-10,0,0,0,11716.1075,,,,,,,,,,
1999-07-17,0,0,0,11338.892,,,,,,,,,,
1999-07-24,0,0,0,11251.225999999999,,,,,,,,,,
1999-07-31,0,0,1,10622.236,174.453,,,,,30822455.0,116877.0,,28840.8878,
1999-08-07,0,0,0,10176.53,,,,,,,,,,
1999-08-14,0,0,0,10029.392,,,,,,,,,,
1999-08-21,0,0,0,9938.646,,,,,,,,,,
1999-08-28,0,0,1,10437.2,175.672,,,,,30912550.0,132350.0,,29218.3527,
1999-09-04,0,0,0,10895.24,,,,,,,,,,
1999-09-11,0,0,0,11232.8325,,,,,,,,,,
1999-09-18,0,0,0,11316.89,,,,,,,,,,
1999-09-25,0,1,1,11496.956,176.314,,,,,30906538.0,132069.0,,28684.6879,
1999-10-02,0,0,0,11344.485,,,,,,,,,,
1999-10-09,0,0,0,11224.384,,,,,,,,,,
1999-10-16,0,0,0,11313.1675,,,,,,,,,,
1999-10-23,0,0,0,11212.986,,,,,,,,,,
1999-10-30,0,0,1,11558.964,177.276,,,,,30904893.0,100210.0,,29254.86164,
1999-11-06,0,0,0,12307.4625,,,,,,,,,,
1999-11-13,0,0,0,13048.882000000001,,,,,,,,,,
1999-11-20,0,0,0,13122.8275,,,,,,,,,,
1999-11-27,0,0,1,13563.6,179.312,,,,,30906135.0,97034.0,,28279.2011,
1999-12-04,0,0,0,14087.7925,,,,,,,,,,
1999-12-11,0,0,0,14484.49,,,,,,,,,,
1999-12-18,0,0,0,14612.838,,,,,,,,,,
1999-12-25,1,1,1,15643.072499999998,180.424,,,,,30904233.0,98968.0,,29569.09873,
2000-01-01,0,0,0,16563.1975,,,,,,,,,,
2000-01-08,0,0,0,16288.519999999999,,,,,,,,,,
2000-01-15,0,0,0,17033.548000000003,,,,,,,,,,
2000-01-22,0,0,0,17527.526,,,,,,,,,,
2000-01-29,0,0,1,16973.135,182.529,,343398.0,,,30488805.0,92568.0,,29622.84374777,22.7
2000-02-05,0,0,0,17195.0625,,,,,,,,,,
2000-02-12,0,0,0,18371.968,,,,,,,,,,
2000-02-19,0,0,0,17891.328,,,,,,,,,,
2000-02-26,0,0,1,17717.018,182.628,,375906.0,,,31654981.0,122777.0,,28685.2080976,23.0
2000-03-04,0,0,0,18035.735,,,,,,,,,,
2000-03-11,0,0,0,18404.579999999998,,,,,,,,,,
2000-03-18,0,0,0,17470.352000000003,,,,,,,,,,
2000-03-25,0,1,1,18237.591999999997,183.252,,394778.0,,,31574324.0,128760.0,,30527.99737034,23.2
2000-04-01,0,0,0,18247.377500000002,,,,,,,,,,
2000-04-08,0,0,0,17075.523999999998,,,,,,,,,,
2000-04-15,0,0,0,15988.235999999999,,,,,,,,,,
2000-04-22,0,0,0,15088.36,,,,,,,,,,
2000-04-29,0,0,1,15323.776000000002,184.069,,347326.0,,,31797041.0,126873.0,,29262.9227,23.2
2000-05-06,0,0,0,15205.035,,,,,,,,,,
2000-05-13,0,0,0,14572.754,,,,,,,,,,
2000-05-20,0,0,0,14847.956,,,,,,,,,,
2000-05-27,0,0,1,14074.534,184.855,,386524.0,,,31582823.0,144805.0,,30192.4009,23.5
2000-06-03,0,0,0,15423.425,,,,,,,,,,
2000-06-10,0,0,0,16196.476,,,,,,,,,,
2000-06-17,0,0,0,16360.714000000002,,,,,,,,,,
2000-06-24,0,1,1,16981.2825,184.863,,354720.0,,,31748036.0,136402.0,,28871.1488,23.7
2000-07-01,0,0,0,16626.795,,,,,,,,,,
2000-07-08,0,0,0,17289.916,,,,,,,,,,
2000-07-15,0,0,0,16946.174,,,,,,,,,,
2000-07-22,0,0,0,17241.176,,,,,,,,,,
2000-07-29,0,0,1,16998.224,186.757,,352319.0,,,31746420.0,138177.0,,29064.36283,24.0
2000-08-05,0,0,0,16521.5875,,,,,,,,,,
2000-08-12,0,0,0,16928.807999999997,,,,,,,,,,
2000-08-19,0,0,0,17580.348,,,,,,,,,,
2000-08-26,0,0,1,17342.376,189.862,,376694.0,,,32679565.0,151264.0,,29820.3242,24.2
2000-09-02,0,0,0,17451.73,,,,,,,,,,
2000-09-09,0,0,0,17515.2425,,,,,,,,,,
2000-09-16,0,0,0,16900.112,,,,,,,,,,
2000-09-23,0,0,0,16135.678,,,,,,,,,,
2000-09-30,0,1,1,16072.735999999999,190.123,,320982.0,,,32688027.0,139515.0,,29291.30306034,24.3
2000-10-07,0,0,0,15875.384,,,,,,,,,,
2000-10-14,0,0,0,15628.3825,,,,,,,,,,
2000-10-21,0,0,0,14781.45,,,,,,,,,,
2000-10-28,0,0,1,14073.829999999998,190.117,,340135.0,,,32687427.0,141870.0,,31633.98488219,24.1
2000-11-04,0,0,0,14738.763333333334,,,,,,,,,,
2000-11-11,0,0,0,14715.257999999998,,,,,,,,,,
2000-11-18,0,0,0,14431.314999999999,,,,,,,,,,
2000-11-25,0,0,1,14502.091999999999,190.389,,343738.0,,,32693350.0,137351.0,,29949.80452,24.4
2000-12-02,0,0,0,13786.765,,,,,,,,,,
2000-12-09,0,0,0,14216.0,,,,,,,,,,
2000-12-16,0,0,0,15126.286000000002,,,,,,,,,,
2000-12-23,0,0,0,14839.756,,,,,,,,,,
2000-12-30,1,1,1,15080.006666666668,191.554,,324852.0,,,32679270.0,140844.0,,30327.02004,24.5
2001-01-06,0,0,0,16277.407500000001,,,,,,,,,,
2001-01-13,0,0,0,16866.004,,,,,,,,,,
2001-01-20,0,0,0,17185.260000000002,,,,,,,,,,
2001-01-27,0,0,1,17721.1525,192.738,,392708.0,,,35103551.0,115748.0,,31649.32418,24.6
2001-02-03,0,0,0,17389.915,,,,,,,,,,
2001-02-10,0,0,0,16986.412,,,,,,,,,,
2001-02-17,0,0,0,16865.826,,,,,,,,,,
2001-02-24,0,0,1,15926.66,193.553,,333019.0,,,35484788.0,131183.0,,29668.75133,24.6
2001-03-03,0,0,0,16498.79,,,,,,,,,,
2001-03-10,0,0,0,16321.385999999999,,,,,,,,,,
2001-03-17,0,0,0,15330.84,,,,,,,,,,
2001-03-24,0,0,0,14618.858000000002,,,,,,,,,,
2001-03-31,0,1,1,14579.99,194.471,,472235.0,,,35826801.0,172148.0,,32993.53587,24.7
2001-04-07,0,0,0,14099.938,,,,,,,,,,
2001-04-14,0,0,0,14888.7375,,,,,,,,,,
2001-04-21,0,0,0,14372.87,,,,,,,,,,
2001-04-28,0,0,1,14361.673999999999,195.917,,421126.0,,,36309797.0,163458.0,,30783.49412,24.7
2001-05-05,0,0,0,15043.970000000001,,,,,,,,,,
2001-05-12,0,0,0,14777.61,,,,,,,,,,
2001-05-19,0,0,0,14550.182,,,,,,,,,,
2001-05-26,0,0,1,14696.332,197.159,,462047.0,,,36837638.0,168929.0,,29398.87969,24.7
2001-06-02,0,0,0,14509.315,,,,,,,,,,
2001-06-09,0,0,0,15331.564000000002,,,,,,,,,,
2001-06-16,0,0,0,15196.4175,,,,,,,,,,
2001-06-23,0,0,0,14566.494,,,,,,,,,,
2001-06-30,0,1,1,14451.670000000002,197.95,,391573.0,,,36814675.0,147406.0,,23909.01671,24.8
2001-07-07,0,0,0,14183.638,,,,,,,,,,
2001-07-14,0,0,0,13843.255000000001,,,,,,,,,,
2001-07-21,0,0,0,13924.95,,,,,,,,,,
2001-07-28,0,0,1,13896.35,200.135,,409642.0,,,36976015.0,130769.0,,24550.52539,24.9
2001-08-04,0,0,0,13776.9525,,,,,,,,,,
2001-08-11,0,0,0,13950.238000000001,,,,,,,,,,
2001-08-18,0,0,0,13562.626,,,,,,,,,,
2001-08-25,0,0,1,12942.264,201.934,,415064.0,,,37282350.0,134288.0,,24828.09667,25.0
2001-09-01,0,0,0,12995.8325,,,,,,,,,,
2001-09-08,0,0,0,12603.28,,,,,,,,,,
2001-09-15,0,0,0,10840.901999999998,,,,,,,,,,
2001-09-22,0,0,0,10561.104000000001,,,,,,,,,,
2001-09-29,0,1,1,10361.642,202.193,,346677.0,,,37323397.0,112727.0,,23816.541,25.3
2001-10-06,0,0,0,10268.84,,,,,,,,,,
2001-10-13,0,0,0,10406.494999999999,,,,,,,,,,
2001-10-20,0,0,0,11237.038,,,,,,,,,,
2001-10-27,0,0,1,11657.098,203.242,,401109.0,,,37652927.0,125537.0,,25832.3757582,25.5
2001-11-03,0,0,0,11262.926666666666,,,,,,,,,,
2001-11-10,0,0,0,12496.081999999999,,,,,,,,,,
2001-11-17,0,0,0,12798.4125,,,,,,,,,,
2001-11-24,0,0,1,12972.488000000001,204.962,,374891.0,,,37675172.0,137434.0,,25183.94356,25.3
2001-12-01,0,0,0,13279.5,,,,,,,,,,
2001-12-08,0,0,0,13340.504,,,,,,,,,,
2001-12-15,0,0,0,13292.956,,,,,,,,,,
2001-12-22,0,0,0,13177.220000000001,,,,,,,,,,
2001-12-29,1,1,1,13565.159999999998,206.402,,354165.0,,,37686592.0,131611.0,,26008.32278,25.6
2002-01-05,0,0,0,14156.453333333333,,,,,,,,,,
2002-01-12,0,0,0,13944.926000000001,,,,,,,,,,
2002-01-19,0,0,0,13185.070000000002,,,,,,,,,,
2002-01-26,0,0,1,13138.2225,208.087,,442186.0,,,41068281.0,111972.0,97.8,26965.32744,25.7
2002-02-02,0,0,0,12673.4825,,,,,,,,,,
2002-02-09,0,0,0,12658.511999999999,,,,,,,,,,
2002-02-16,0,0,0,13145.08,,,,,,,,,,
2002-02-23,0,0,1,13301.847999999998,208.698,,376622.0,,,41654733.0,102402.0,98.4,25467.40564,25.6
2002-03-02,0,0,0,14142.03,,,,,,,,,,
2002-03-09,0,0,0,14001.86,,,,,,,,,,
2002-03-16,0,0,0,14120.826000000001,,,,,,,,,,
2002-03-23,0,0,0,13896.388,,,,,,,,,,
2002-03-30,0,1,1,13381.7,209.38,,428754.0,,,40772579.0,132300.0,111.9,29904.07485,25.9
2002-04-06,0,0,0,13286.806,,,,,,,,,,
2002-04-13,0,0,0,13386.61,,,,,,,,,,
2002-04-20,0,0,0,13575.622,,,,,,,,,,
2002-04-27,0,0,1,13228.258000000002,210.894,,469928.0,,,41922605.0,146984.0,109.9,29447.556593,26.2
2002-05-04,0,0,0,12746.106666666667,,,,,,,,,,
2002-05-11,0,0,0,12324.323999999999,,,,,,,,,,
2002-05-18,0,0,0,12383.062,,,,,,,,,,
2002-05-25,0,0,1,12573.328,211.518,,423349.0,,,41827423.0,138361.0,114.0,29303.282367,26.4
2002-06-01,0,0,0,12803.896666666667,,,,,,,,,,
2002-06-08,0,0,0,12448.916000000001,,,,,,,,,,
2002-06-15,0,0,0,12120.824,,,,,,,,,,
2002-06-22,0,0,0,11311.552,,,,,,,,,,
2002-06-29,0,1,1,10861.534,212.338,,374266.0,,,41830911.0,119228.0,109.8,28106.04059808,26.1
2002-07-06,0,0,0,10710.545999999998,,,,,,,,,,
2002-07-13,0,0,0,10754.1325,,,,,,,,,,
2002-07-20,0,0,0,10672.312,,,,,,,,,,
2002-07-27,0,0,1,9691.717999999999,214.255,,409503.0,,,41824375.0,141569.0,113.3,28989.58237933,26.6
2002-08-03,0,0,0,9548.505,,,,,,,,,,
2002-08-10,0,0,0,9879.194,,,,,,,,,,
2002-08-17,0,0,0,9444.072,,,,,,,,,,
2002-08-24,0,0,0,9499.278,,,,,,,,,,
2002-08-31,0,0,1,10337.384,216.204,,408448.0,,,41899803.0,138805.0,113.2,29832.8193716,27.0
2002-09-07,0,0,0,9990.304,,,,,,,,,,
2002-09-14,0,0,0,10090.048,,,,,,,,,,
2002-09-21,0,0,0,9588.862,,,,,,,,,,
2002-09-28,0,1,1,9111.034,217.662,,385533.0,,,41902999.0,146443.0,109.0,28678.75387,27.2
2002-10-05,0,0,0,9054.305,,,,,,,,,,
2002-10-12,0,0,0,8829.130000000001,,,,,,,,,,
2002-10-19,0,0,0,8650.598,,,,,,,,,,
2002-10-26,0,0,1,9622.68,219.635,,409901.0,,,41936663.0,158670.0,113.2,31652.70333887,27.8
2002-11-02,0,0,0,9845.8475,,,,,,,,,,
2002-11-09,0,0,0,9827.266,,,,,,,,,,
2002-11-16,0,0,0,9813.529999999999,,,,,,,,,,
2002-11-23,0,0,0,10144.655999999999,,,,,,,,,,
2002-11-30,0,0,1,10270.324,225.156,,380292.0,,,41936663.0,146321.0,110.8,30200.3665617,28.3
2002-12-07,0,0,0,10591.768,,,,,,,,,,
2002-12-14,0,0,0,10486.994,,,,,,,,,,
2002-12-21,0,0,0,11057.126,,,,,,,,,,
2002-12-28,1,1,1,11340.906666666668,230.902,,376799.0,,,41936663.0,145868.0,117.1,30694.95182,28.3
2003-01-04,0,0,0,11490.56,,,,,,,,,,
2003-01-11,0,0,0,11967.194,,,,,,,,,,
2003-01-18,0,0,0,11976.774000000001,,,,,,,,,,
2003-01-25,0,0,1,11234.272,235.656,,432982.0,,,49112246.0,120511.0,118.9,31101.70275,29.0
2003-02-01,0,0,0,10665.1775,,,,,,,,,,
2003-02-08,0,0,0,10605.082,,,,,,,,,,
2003-02-15,0,0,0,10337.5,,,,,,,,,,
2003-02-22,0,0,1,10287.65,239.464,,443144.0,,,49092162.0,131846.0,107.0,29465.36993,30.2
2003-03-01,0,0,0,10147.7575,,,,,,,,,,
2003-03-08,0,0,0,10548.206666666667,,,,,,,,,,
2003-03-15,0,0,0,10566.298,,,,,,,,,,
2003-03-22,0,0,0,11113.706,,,,,,,,,,
2003-03-29,0,1,1,11224.172,242.092,,443025.0,,,49668901.0,125162.0,118.9,31516.2781,29.8
2003-04-05,0,0,0,11883.9525,,,,,,,,,,
2003-04-12,0,0,0,11796.72,,,,,,,,,,
2003-04-19,0,0,0,12104.6125,,,,,,,,,,
2003-04-26,0,0,1,12273.307499999999,245.182,,453027.0,,,50557960.0,130799.0,115.9,30309.697404,30.0
2003-05-03,0,0,0,12650.153333333334,,,,,,,,,,
2003-05-10,0,0,0,12913.492,,,,,,,,,,
2003-05-17,0,0,0,13311.006,,,,,,,,,,
2003-05-24,0,0,0,12953.658,,,,,,,,,,
2003-05-31,0,0,1,13243.99,247.22,,442463.0,,,52419069.0,126942.0,120.5,30485.711463,29.9
2003-06-07,0,0,0,13599.992000000002,,,,,,,,,,
2003-06-14,0,0,0,13866.48,,,,,,,,,,
2003-06-21,0,0,0,13562.7375,,,,,,,,,,
2003-06-28,0,1,1,13052.246,247.456,,413608.0,,,51265193.0,134293.0,118.2,29353.033299,30.1
2003-07-05,0,0,0,13252.4075,,,,,,,,,,
2003-07-12,0,0,0,13460.67,,,,,,,,,,
2003-07-19,0,0,0,13621.206,,,,,,,,,,
2003-07-26,0,0,1,13764.26,247.62,,432148.0,,,51298860.0,139354.0,116.6,30373.84776,30.3
2003-08-02,0,0,0,13467.775,,,,,,,,,,
2003-08-09,0,0,0,13142.838,,,,,,,,,,
2003-08-16,0,0,0,13709.322,,,,,,,,,,
2003-08-23,0,0,0,14410.814000000002,,,,,,,,,,
2003-08-30,0,0,1,14946.494,248.072,,406065.0,,,51582033.0,135266.0,108.4,30424.04673,30.5
2003-09-06,0,0,0,15608.934,,,,,,,,,,
2003-09-13,0,0,0,16093.114000000001,,,,,,,,,,
2003-09-20,0,0,0,16568.922,,,,,,,,,,
2003-09-27,0,1,1,16120.732,249.64,,415369.0,,,51547348.0,164582.0,106.4,30359.16276,30.9
2003-10-04,0,0,0,16667.595,,,,,,,,,,
2003-10-11,0,0,0,17586.526,,,,,,,,,,
2003-10-18,0,0,0,17985.548,,,,,,,,,,
2003-10-25,0,0,1,18111.372,250.621,,374360.0,,,51551153.0,180317.0,111.7,32034.28729,31.0
2003-11-01,0,0,0,18004.197500000002,,,,,,,,,,
2003-11-08,0,0,0,18530.11,,,,,,,,,,
2003-11-15,0,0,0,18702.974,,,,,,,,,,
2003-11-22,0,0,0,18947.31,,,,,,,,,,
2003-11-29,0,0,1,19867.998,251.388,,416185.0,,,51611262.0,161692.0,115.0,31163.667405,31.5
2003-12-06,0,0,0,20562.534,,,,,,,,,,
2003-12-13,0,0,0,21078.3,,,,,,,,,,
2003-12-20,0,0,0,21108.678,,,,,,,,,,
2003-12-27,1,1,1,21708.399999999998,252.426,,393738.0,,,51532346.0,196781.0,123.1,32033.99472,31.2
2004-01-03,0,0,0,22242.193333333333,,,,,,,,,,
2004-01-10,0,0,0,23612.368,,,,,,,,,,
2004-01-17,0,0,0,23538.306,,,,,,,,,,
2004-01-24,0,0,0,23361.104,,,,,,,,,,
2004-01-31,0,0,1,23333.012,254.548,,410387.0,,,58952299.0,134685.0,119.4,31702.610498,31.7
2004-02-07,0,0,0,21762.592,,,,,,,,,,
2004-02-14,0,0,0,22584.686,,,,,,,,,,
2004-02-21,0,0,0,21780.632,,,,,,,,,,
2004-02-28,0,0,1,21604.62,255.894,,383493.0,,,56929957.0,128608.0,114.5,30150.92329,32.4
2004-03-06,0,0,0,22551.485999999997,,,,,,,,,,
2004-03-13,0,0,0,21975.252,,,,,,,,,,
2004-03-20,0,0,0,21875.614,,,,,,,,,,
2004-03-27,0,1,1,21278.824,257.08,,518431.0,,,52608539.0,182874.0,123.3,33231.49730041,32.6
2004-04-03,0,0,0,22292.35,,,,,,,,,,
2004-04-10,0,0,0,22846.4375,,,,,,,,,,
2004-04-17,0,0,0,22243.917999999998,,,,,,,,,,
2004-04-24,0,0,1,21359.0975,257.872,,432626.0,,,50023812.0,148432.0,119.0,31957.97505,32.8
2004-05-01,0,0,0,20744.775,,,,,,,,,,
2004-05-08,0,0,0,19506.574,,,,,,,,,,
2004-05-15,0,0,0,18295.874,,,,,,,,,,
2004-05-22,0,0,0,18378.486,,,,,,,,,,
2004-05-29,0,0,1,19199.998,259.388,,396232.0,,,49467885.0,161223.0,122.8,32303.55209,33.5
2004-06-05,0,0,0,19620.285,,,,,,,,,,
2004-06-12,0,0,0,20107.4075,,,,,,,,,,
2004-06-19,0,0,0,20132.566,,,,,,,,,,
2004-06-26,0,1,1,20557.382,261.351,,420819.0,,,49009860.0,178507.0,119.5,31241.803044,34.5
2004-07-03,0,0,0,21017.195,,,,,,,,,,
2004-07-10,0,0,0,21229.239999999998,,,,,,,,,,
2004-07-17,0,0,0,21878.664,,,,,,,,,,
2004-07-24,0,0,0,21919.079999999998,,,,,,,,,,
2004-07-31,0,0,1,21957.526,263.092,,408994.0,,,49181369.0,183048.0,123.9,32269.4541348,34.7
2004-08-07,0,0,0,21996.358,,,,,,,,,,
2004-08-14,0,0,0,21507.768,,,,,,,,,,
2004-08-21,0,0,0,22546.698,,,,,,,,,,
2004-08-28,0,0,1,22791.912,265.198,,406410.0,,,49229387.0,186469.0,124.1,32857.452791,34.9
2004-09-04,0,0,0,22621.285,,,,,,,,,,
2004-09-11,0,0,0,22322.605,,,,,,,,,,
2004-09-18,0,0,0,22482.306,,,,,,,,,,
2004-09-25,0,1,1,22969.718,265.602,,295913.0,,,49205268.0,181598.0,120.5,32805.717326,35.0
2004-10-02,0,0,0,23262.5175,,,,,,,,,,
2004-10-09,0,0,0,24082.762,,,,,,,,,,
2004-10-16,0,0,0,23392.64,,,,,,,,,,
2004-10-23,0,0,0,22994.394,,,,,,,,,,
2004-10-30,0,0,1,22920.594,265.735,,344229.0,,,49205284.0,191902.0,124.8,33284.74633,35.3
2004-11-06,0,0,0,23588.585,,,,,,,,,,
2004-11-13,0,0,0,23487.685999999998,,,,,,,,,,
2004-11-20,0,0,0,24029.7825,,,,,,,,,,
2004-11-27,0,0,1,24603.628,266.522,,436872.0,,,49205384.0,185596.0,120.8,32695.65409637,35.5
2004-12-04,0,0,0,25189.4575,,,,,,,,,,
2004-12-11,0,0,0,25009.773999999998,,,,,,,,,,
2004-12-18,0,0,0,25570.878,,,,,,,,,,
2004-12-25,1,1,1,25756.9325,268.064,,441027.0,,,49221619.0,219710.0,125.2,33590.16775,36.8
2005-01-01,0,0,0,26102.775,,,,,,,,,,
2005-01-08,0,0,0,24875.2,,,,,,,,,,
2005-01-15,0,0,0,24580.246,,,,,,,,,,
2005-01-22,0,0,0,24060.796,,,,,,,,,,
2005-01-29,0,0,1,24181.4175,270.212,,462717.0,,,63150893.0,142649.0,123.8,34199.48606,36.2
2005-02-05,0,0,0,24840.0975,,,,,,,,,,
2005-02-12,0,0,0,26466.603333333333,,,,,,,,,,
2005-02-19,0,0,0,26674.65,,,,,,,,,,
2005-02-26,0,0,1,27530.556,271.59,,431161.0,,,54893755.0,160239.0,112.3,31480.40358,36.2
2005-03-05,0,0,0,28448.8175,,,,,,,,,,
2005-03-12,0,0,0,28726.696000000004,,,,,,,,,,
2005-03-19,0,0,0,27838.478000000003,,,,,,,,,,
2005-03-26,0,1,1,26744.8875,273.39,,546876.0,,,53305602.0,203767.0,125.2,35584.44314,36.7
2005-04-02,0,0,0,26335.752500000002,,,,,,,,,,
2005-04-09,0,0,0,26066.54,,,,,,,,,,
2005-04-16,0,0,0,25562.379999999997,,,,,,,,,,
2005-04-23,0,0,0,25068.177499999998,,,,,,,,,,
2005-04-30,0,0,1,25012.272,275.584,,472770.0,,,52081841.0,194870.0,120.3,33945.20939,37.2
2005-05-07,0,0,0,25183.944,,,,,,,,,,
2005-05-14,0,0,0,24586.166,,,,,,,,,,
2005-05-21,0,0,0,24608.159999999996,,,,,,,,,,
2005-05-28,0,0,1,24623.5075,278.385,,465453.0,,,51077310.0,201786.0,124.5,33530.11803,37.6
2005-06-04,0,0,0,26094.625,,,,,,,,,,
2005-06-11,0,0,0,24943.672,,,,,,,,,,
2005-06-18,0,0,0,25594.172,,,,,,,,,,
2005-06-25,0,1,1,25435.584,278.534,,461760.0,,,50965929.0,211513.0,120.7,32508.973826,38.0
2005-07-02,0,0,0,25231.1525,,,,,,,,,,
2005-07-09,0,0,0,24621.716,,,,,,,,,,
2005-07-16,0,0,0,25509.844,,,,,,,,,,
2005-07-23,0,0,0,25506.007999999998,,,,,,,,,,
2005-07-30,0,0,1,25369.561999999998,278.861,,440336.0,,,51163018.0,198678.0,125.9,32835.22999,38.3
2005-08-06,0,0,0,26557.7,,,,,,,,,,
2005-08-13,0,0,0,26940.682,,,,,,,,,,
2005-08-20,0,0,0,27082.95,,,,,,,,,,
2005-08-27,0,0,1,27047.716000000004,277.969,,477418.0,,,51127201.0,205944.0,129.2,34105.000065,38.1
2005-09-03,0,0,0,27817.4675,,,,,,,,,,
2005-09-10,0,0,0,28878.2225,,,,,,,,,,
2005-09-17,0,0,0,29238.368,,,,,,,,,,
2005-09-24,0,1,1,30588.968,277.508,,428415.0,,,51090300.0,201774.0,126.3,32923.600887,38.0
2005-10-01,0,0,0,31135.55,,,,,,,,,,
2005-10-08,0,0,0,30500.773999999998,,,,,,,,,,
2005-10-15,0,0,0,30135.4275,,,,,,,,,,
2005-10-22,0,0,0,29225.3,,,,,,,,,,
2005-10-29,0,0,1,29502.738,278.686,,385605.0,,,51068929.0,184380.0,130.6,34765.97442702,38.4
2005-11-05,0,0,0,30962.39333333333,,,,,,,,,,
2005-11-12,0,0,0,30764.879999999997,,,,,,,,,,
2005-11-19,0,0,0,30722.5925,,,,,,,,,,
2005-11-26,0,0,1,31681.206,279.967,,465345.0,,,51067912.0,210299.0,126.4,33458.731609,38.7
2005-12-03,0,0,0,32114.6825,,,,,,,,,,
2005-12-10,0,0,0,32816.636,,,,,,,,,,
2005-12-17,0,0,0,33300.962,,,,,,,,,,
2005-12-24,0,0,0,33286.594,,,,,,,,,,
2005-12-31,1,1,1,33315.6675,281.414,,460323.0,,,51136234.0,234740.0,132.4,34469.954286,39.5
2006-01-07,0,0,0,34692.270000000004,,,,,,,,,,
2006-01-14,0,0,0,35603.082,,,,,,,,,,
2006-01-21,0,0,0,36402.216,,,,,,,,,,
2006-01-28,0,0,1,37467.0,283.388,,509600.0,,,58538326.0,172049.0,133.6,35813.59916,39.9
2006-02-04,0,0,0,37823.2,,,,,,,,,,
2006-02-11,0,0,0,36847.977999999996,,,,,,,,,,
2006-02-18,0,0,0,37331.67,,,,,,,,,,
2006-02-25,0,0,1,38393.484000000004,283.699,,445938.0,,,57078278.0,177970.0,120.9,33007.359788,39.5
2006-03-04,0,0,0,39181.15333333333,,,,,,,,,,
2006-03-11,0,0,0,37253.72,,,,,,,,,,
2006-03-18,0,0,0,37756.854,,,,,,,,,,
2006-03-25,0,1,1,37700.606,284.31,,590024.0,,,55887424.0,205340.0,134.9,37417.70263,39.6
2006-04-01,0,0,0,37397.9,,,,,,,,,,
2006-04-08,0,0,0,38956.812,,,,,,,,,,
2006-04-15,0,0,0,38221.365000000005,,,,,,,,,,
2006-04-22,0,0,0,39436.82,,,,,,,,,,
2006-04-29,0,0,1,40002.858,284.943,,469566.0,,,55443812.0,175124.0,132.4,34110.42532,40.0
2006-05-06,0,0,0,41082.3475,,,,,,,,,,
2006-05-13,0,0,0,41261.064,,,,,,,,,,
2006-05-20,0,0,0,38503.716,,,,,,,,,,
2006-05-27,0,0,1,36919.45,285.144,,521514.0,,,53293375.0,207763.0,137.8,34474.33364883,40.0
2006-06-03,0,0,0,37562.035,,,,,,,,,,
2006-06-10,0,0,0,35814.814,,,,,,,,,,
2006-06-17,0,0,0,33435.6275,,,,,,,,,,
2006-06-24,0,1,1,34210.824,283.902,,474664.0,,,52520348.0,189024.0,132.6,33394.96494,39.8
2006-07-01,0,0,0,35082.0725,,,,,,,,,,
2006-07-08,0,0,0,36747.536,,,,,,,,,,
2006-07-15,0,0,0,35925.574,,,,,,,,,,
2006-07-22,0,0,0,35627.884,,,,,,,,,,
2006-07-29,0,0,1,36753.659999999996,283.685,,481971.0,,,52555837.0,211912.0,136.9,34575.25282,40.0
2006-08-05,0,0,0,37356.695,,,,,,,,,,
2006-08-12,0,0,0,37370.26,,,,,,,,,,
2006-08-19,0,0,0,37328.244,,,,,,,,,,
2006-08-26,0,0,1,36220.998,284.065,,513585.0,,,52427572.0,215046.0,136.0,35728.67876,40.8
2006-09-02,0,0,0,36580.19,,,,,,,,,,
2006-09-09,0,0,0,37082.415,,,,,,,,,,
2006-09-16,0,0,0,36158.478,,,,,,,,,,
2006-09-23,0,0,0,35438.786,,,,,,,,,,
2006-09-30,0,1,1,35966.588,284.565,,440041.0,,,52381672.0,202481.0,131.9,34076.294154,41.3
2006-10-07,0,0,0,37432.378000000004,,,,,,,,,,
2006-10-14,0,0,0,38558.3575,,,,,,,,,,
2006-10-21,0,0,0,38875.024,,,,,,,,,,
2006-10-28,0,0,1,39452.324,284.857,,454821.0,,,52356720.0,212845.0,137.2,35650.97049591,41.7
2006-11-04,0,0,0,39755.24,,,,,,,,,,
2006-11-11,0,0,0,41032.909999999996,,,,,,,,,,
2006-11-18,0,0,0,41021.9475,,,,,,,,,,
2006-11-25,0,0,1,41827.7175,285.624,,479686.0,,,52223579.0,214091.0,132.8,34982.79178696,42.1
2006-12-02,0,0,0,41313.715,,,,,,,,,,
2006-12-09,0,0,0,42958.928,,,,,,,,,,
2006-12-16,0,0,0,43390.058,,,,,,,,,,
2006-12-23,0,0,0,43468.312,,,,,,,,,,
2006-12-30,1,1,1,44201.049999999996,286.749,,476576.0,,,52234589.0,236072.0,137.5,36237.41131,42.3
2007-01-06,0,0,0,44023.207500000004,,,,,,,,,,
2007-01-13,0,0,0,42587.534,,,,,,,,,,
2007-01-20,0,0,0,42836.886,,,,,,,,,,
2007-01-27,0,0,1,44207.395000000004,289.077,,546056.0,,,56395247.0,169732.0,136.9,36941.10554,42.7
2007-02-03,0,0,0,44357.64,,,,,,,,,,
2007-02-10,0,0,0,44880.454000000005,,,,,,,,,,
2007-02-17,0,0,0,45386.38,,,,,,,,,,
2007-02-24,0,0,1,46186.09666666667,290.309,,468475.0,,,56699617.0,184424.0,123.5,33848.9923,43.0
2007-03-03,0,0,0,43809.87,,,,,,,,,,
2007-03-10,0,0,0,42932.797999999995,,,,,,,,,,
2007-03-17,0,0,0,43259.056,,,,,,,,,,
2007-03-24,0,0,0,44930.198,,,,,,,,,,
2007-03-31,0,1,1,45298.996,291.606,,609707.0,,,56865475.0,230168.0,138.1,38957.227076,43.6
2007-04-07,0,0,0,46271.535,,,,,,,,,,
2007-04-14,0,0,0,47248.152,,,,,,,,,,
2007-04-21,0,0,0,48911.368,,,,,,,,,,
2007-04-28,0,0,1,49241.166,292.698,,523125.0,,,57171294.0,209883.0,136.7,36314.85739,44.0
2007-05-05,0,0,0,50095.85,,,,,,,,,,
2007-05-12,0,0,0,50599.322,,,,,,,,,,
2007-05-19,0,0,0,51295.136,,,,,,,,,,
2007-05-26,0,0,1,51718.532,293.278,,570626.0,,,58490235.0,247877.0,141.8,36359.17649,44.6
2007-06-02,0,0,0,52445.8675,,,,,,,,,,
2007-06-09,0,0,0,52695.97,,,,,,,,,,
2007-06-16,0,0,0,53159.846,,,,,,,,,,
2007-06-23,0,0,0,54465.476,,,,,,,,,,
2007-06-30,0,1,1,54114.99399999999,294.316,,502179.0,,,58263978.0,229032.0,137.3,35060.739705,44.7
2007-07-07,0,0,0,55828.688,,,,,,,,,,
2007-07-14,0,0,0,56874.01,,,,,,,,,,
2007-07-21,0,0,0,57631.442,,,,,,,,,,
2007-07-28,0,0,1,55329.60400000001,295.316,,522708.0,,,58227761.0,264389.0,141.9,36602.534631,45.3
2007-08-04,0,0,0,54085.945,,,,,,,,,,
2007-08-11,0,0,0,53640.784,,,,,,,,,,
2007-08-18,0,0,0,49841.074,,,,,,,,,,
2007-08-25,0,0,1,51122.358,296.467,,544940.0,,,58238071.0,262409.0,142.3,37583.549904,46.0
2007-09-01,0,0,0,52578.99,,,,,,,,,,
2007-09-08,0,0,0,54764.9525,,,,,,,,,,
2007-09-15,0,0,0,54007.00600000001,,,,,,,,,,
2007-09-22,0,0,0,56595.25800000001,,,,,,,,,,
2007-09-29,0,1,1,59761.89599999999,297.094,,481415.0,,,58257945.0,232474.0,136.6,36080.236958,46.7
2007-10-06,0,0,0,61436.293999999994,,,,,,,,,,
2007-10-13,0,0,0,62965.5875,,,,,,,,,,
2007-10-20,0,0,0,62407.326,,,,,,,,,,
2007-10-27,0,0,1,62630.83,297.931,,527939.0,,,58255667.0,276969.0,141.0,38343.06517438,46.9
2007-11-03,0,0,0,64492.50666666666,,,,,,,,,,
2007-11-10,0,0,0,63769.214,,,,,,,,,,
2007-11-17,0,0,0,63423.5375,,,,,,,,,,
2007-11-24,0,0,1,61135.3675,298.061,,503210.0,,,58197297.0,255412.0,137.1,36674.45219,47.9
2007-12-01,0,0,0,60592.9125,,,,,,,,,,
2007-12-08,0,0,0,64607.738,,,,,,,,,,
2007-12-15,0,0,0,64001.174,,,,,,,,,,
2007-12-22,0,0,0,61492.022,,,,,,,,,,
2007-12-29,1,1,1,63982.91333333333,300.05,,490432.0,,,58189494.0,257383.0,141.6,37895.54972,48.6
2008-01-05,0,0,0,62247.90333333333,,,,,,,,,,
2008-01-12,0,0,0,62196.882000000005,,,,,,,,,,
2008-01-19,0,0,0,59083.121999999996,,,,,,,,,,
2008-01-26,0,0,1,55376.104999999996,302.94,,613077.0,4291097.0,,58270003.0,230533.0,139.8,38205.47759,49.5
2008-02-02,0,0,0,59873.15,,,,,,,,,,
2008-02-09,0,0,0,59003.329999999994,,,,,,,,,,
2008-02-16,0,0,0,61626.04,,,,,,,,,,
2008-02-23,0,0,1,63449.293999999994,303.724,,544578.0,3740791.0,,59581364.0,222772.0,128.2,36258.08002,48.4
2008-03-01,0,0,0,65308.37,,,,,,,,,,
2008-03-08,0,0,0,63523.623999999996,,,,,,,,,,
2008-03-15,0,0,0,61762.85400000001,,,,,,,,,,
2008-03-22,0,0,0,59939.822499999995,,,,,,,,,,
2008-03-29,0,1,1,60735.134,304.301,,594025.0,4128381.0,,59944144.0,253862.0,138.8,39031.35577,49.9
2008-04-05,0,0,0,63690.0575,,,,,,,,,,
2008-04-12,0,0,0,63660.871999999996,,,,,,,,,,
2008-04-19,0,0,0,63679.774,,,,,,,,,,
2008-04-26,0,0,1,65030.95,306.606,,597342.0,4273228.0,,59457662.0,279071.0,135.9,37689.96032,50.8
2008-05-03,0,0,0,66289.95666666667,,,,,,,,,,
2008-05-10,0,0,0,69751.152,,,,,,,,,,
2008-05-17,0,0,0,71040.996,,,,,,,,,,
2008-05-24,0,0,0,72675.56,,,,,,,,,,
2008-05-31,0,0,1,72032.814,308.682,,566631.0,4465739.0,,59841925.0,254773.0,139.9,37826.50225,51.7
2008-06-07,0,0,0,70315.45999999999,,,,,,,,,,
2008-06-14,0,0,0,67674.81,,,,,,,,,,
2008-06-21,0,0,0,66803.352,,,,,,,,,,
2008-06-28,0,1,1,64585.91799999999,311.443,,561639.0,4092140.0,,59807588.0,278951.0,139.1,37334.37812,52.6
2008-07-05,0,0,0,60785.285,,,,,,,,,,
2008-07-12,0,0,0,59756.2875,,,,,,,,,,
2008-07-19,0,0,0,60777.85600000001,,,,,,,,,,
2008-07-26,0,0,1,58894.695999999996,313.46,,596493.0,4208397.0,,60022331.0,302426.0,143.3,37668.55486,53.1
2008-08-02,0,0,0,58134.97,,,,,,,,,,
2008-08-09,0,0,0,56644.81999999999,,,,,,,,,,
2008-08-16,0,0,0,54635.75600000001,,,,,,,,,,
2008-08-23,0,0,0,54825.44,,,,,,,,,,
2008-08-30,0,0,1,55283.564,314.172,,544435.0,3730600.0,,59995301.0,262730.0,142.2,38634.44311,53.5
2008-09-06,0,0,0,53288.340000000004,,,,,,,,,,
2008-09-13,0,0,0,50489.938,,,,,,,,,,
2008-09-20,0,0,0,49006.378000000004,,,,,,,,,,
2008-09-27,0,1,1,50717.638,313.974,,564126.0,3683632.0,,59925421.0,279700.0,137.8,37281.29492,54.2
2008-10-04,0,0,0,46622.2825,,,,,,,,,,
2008-10-11,0,0,0,38704.804000000004,,,,,,,,,,
2008-10-18,0,0,0,38414.398,,,,,,,,,,
2008-10-25,0,0,1,35770.848,314.772,,493884.0,3970005.0,,59923621.0,256043.0,141.6,39588.3990709,54.0
2008-11-01,0,0,0,33778.935,,,,,,,,,,
2008-11-08,0,0,0,37863.384000000005,,,,,,,,,,
2008-11-15,0,0,0,36038.918,,,,,,,,,,
2008-11-22,0,0,0,33616.755000000005,,,,,,,,,,
2008-11-29,0,0,1,35655.964,316.415,,633311.0,3860234.0,,59920262.0,191825.0,136.2,36844.26131,53.8
2008-12-06,0,0,0,35102.64,,,,,,,,,,
2008-12-13,0,0,0,38630.07,,,,,,,,,,
2008-12-20,0,0,0,39385.716,,,,,,,,,,
2008-12-27,1,1,1,36984.47,318.255,,642440.0,4258238.0,,59920262.0,201098.0,138.3,36050.24485,53.8
2009-01-03,0,0,0,38284.89666666667,,,,,,,,,,
2009-01-10,0,0,0,41644.936,,,,,,,,,,
2009-01-17,0,0,0,39084.418,,,,,,,,,,
2009-01-24,0,0,0,38133.994,,,,,,,,,,
2009-01-31,0,0,1,39275.006,320.639,,733081.0,4591002.0,,57776642.0,176538.0,135.4,36647.46863096,54.5
2009-02-07,0,0,0,40481.278000000006,,,,,,,,,,
2009-02-14,0,0,0,41265.516,,,,,,,,,,
2009-02-21,0,0,0,39961.53,,,,,,,,,,
2009-02-28,0,0,1,38198.35666666667,321.906,,623088.0,3642118.0,,57593978.0,191436.0,120.6,34803.96428,55.3
2009-03-07,0,0,0,37115.702000000005,,,,,,,,,,
2009-03-14,0,0,0,38501.585999999996,,,,,,,,,,
2009-03-21,0,0,0,39758.009999999995,,,,,,,,,,
2009-03-28,0,1,1,42041.926,323.278,,807617.0,4126462.0,,58471633.0,262312.0,132.9,39769.45169,55.3
2009-04-04,0,0,0,42689.2225,,,,,,,,,,
2009-04-11,0,0,0,44428.12,,,,,,,,,,
2009-04-18,0,0,0,45697.156,,,,,,,,,,
2009-04-25,0,0,1,45473.5775,325.138,,688693.0,4221098.0,,57591757.0,228987.0,126.6,36159.38305,55.9
2009-05-02,0,0,0,46289.31333333333,,,,,,,,,,
2009-05-09,0,0,0,50805.568,,,,,,,,,,
2009-05-16,0,0,0,49686.918,,,,,,,,,,
2009-05-23,0,0,0,50942.474,,,,,,,,,,
2009-05-30,0,0,1,52137.424,326.5,,654186.0,4287911.0,,57195834.0,246261.0,129.1,36615.84043,56.2
2009-06-06,0,0,0,53475.469999999994,,,,,,,,,,
2009-06-13,0,0,0,53439.17,,,,,,,,,,
2009-06-20,0,0,0,51312.445999999996,,,,,,,,,,
2009-06-27,0,1,1,50396.184,327.067,,651695.0,4456170.0,,56851505.0,291189.0,125.6,35093.226878,57.2
2009-07-04,0,0,0,51410.2475,,,,,,,,,,
2009-07-11,0,0,0,49619.375,,,,,,,,,,
2009-07-18,0,0,0,50669.371999999996,,,,,,,,,,
2009-07-25,0,0,1,53633.543999999994,328.178,,663011.0,5217598.0,,56828146.0,267502.0,129.3,37081.28727,57.7
2009-08-01,0,0,0,54308.3725,,,,,,,,,,
2009-08-08,0,0,0,56100.869999999995,,,,,,,,,,
2009-08-15,0,0,0,56573.08200000001,,,,,,,,,,
2009-08-22,0,0,0,56336.728,,,,,,,,,,
2009-08-29,0,0,1,57673.382000000005,328.687,,583446.0,4612669.0,,56823510.0,255989.0,129.4,37375.67764,58.2
2009-09-05,0,0,0,55890.0325,,,,,,,,,,
2009-09-12,0,0,0,58166.729999999996,,,,,,,,,,
2009-09-19,0,0,0,59896.221999999994,,,,,,,,,,
2009-09-26,0,1,1,60663.922,329.622,,546329.0,4905953.0,,56860110.0,293360.0,125.3,37257.3887848,58.6
2009-10-03,0,0,0,61045.8,,,,,,,,,,
2009-10-10,0,0,0,63101.81,,,,,,,,,,
2009-10-17,0,0,0,65937.6325,,,,,,,,,,
2009-10-24,0,0,0,65844.39199999999,,,,,,,,,,
2009-10-31,0,0,1,62734.996,329.727,,488066.0,5454012.0,,57019657.0,281965.0,128.9,38658.00038472,59.8
2009-11-07,0,0,0,63959.4125,,,,,,,,,,
2009-11-14,0,0,0,65744.528,,,,,,,,,,
2009-11-21,0,0,0,66719.005,,,,,,,,,,
2009-11-28,0,0,1,67103.486,330.203,,566993.0,5138396.0,,57032468.0,246756.0,123.7,39161.7717,60.4
2009-12-05,0,0,0,68235.3825,,,,,,,,,,
2009-12-12,0,0,0,68449.69,,,,,,,,,,
2009-12-19,0,0,0,68228.956,,,,,,,,,,
2009-12-26,1,1,1,66977.32666666666,330.876,,584933.0,5370755.0,,57036668.0,277910.0,128.7,39559.89239,60.5
2010-01-02,0,0,0,68262.05,,,,,,,,,,
2010-01-09,0,0,0,70345.612,,,,,,,,,,
2010-01-16,0,0,0,69934.892,,,,,,,,,,
2010-01-23,0,0,0,67999.954,,,,,,,,,,
2010-01-30,0,0,1,65395.775,334.177,,652215.0,5703050.0,,66137344.0,206332.0,128.6,40657.59962045,61.8
2010-02-06,0,0,0,65508.04400000001,,,,,,,,,,
2010-02-13,0,0,0,64981.31799999999,,,,,,,,,,
2010-02-20,0,0,0,67572.69333333334,,,,,,,,,,
2010-02-27,0,0,1,66342.314,337.133,,560851.0,5028071.0,,66941524.0,219605.0,117.2,38598.14119,63.5
2010-03-06,0,0,0,67861.928,,,,,,,,,,
2010-03-13,0,0,0,69471.424,,,,,,,,,,
2010-03-20,0,0,0,69443.102,,,,,,,,,,
2010-03-27,0,1,1,68893.234,339.934,,757532.0,5274025.0,,67350136.0,342444.0,131.7,42589.65583,63.8
2010-04-03,0,0,0,70345.01333333332,,,,,,,,,,
2010-04-10,0,0,0,71276.064,,,,,,,,,,
2010-04-17,0,0,0,70477.462,,,,,,,,,,
2010-04-24,0,0,1,69327.98000000001,342.402,,606983.0,5152270.0,,67913643.0,260380.0,126.2,38805.879829,64.0
2010-05-01,0,0,0,67504.20000000001,,,,,,,,,,
2010-05-08,0,0,0,64637.6,,,,,,,,,,
2010-05-15,0,0,0,64660.378000000004,,,,,,,,,,
2010-05-22,0,0,0,60369.614,,,,,,,,,,
2010-05-29,0,0,1,60665.66799999999,344.084,,629549.0,5081489.0,,68131230.0,253529.0,130.9,39474.08598528,64.7
2010-06-05,0,0,0,62153.21666666667,,,,,,,,,,
2010-06-12,0,0,0,62221.869999999995,,,,,,,,,,
2010-06-19,0,0,0,64340.864,,,,,,,,,,
2010-06-26,0,1,1,64712.102,343.466,,611289.0,5177580.0,,68013461.0,257510.0,126.6,38001.9495,65.2
2010-07-03,0,0,0,62217.28,,,,,,,,,,
2010-07-10,0,0,0,62422.535,,,,,,,,,,
2010-07-17,0,0,0,63190.752,,,,,,,,,,
2010-07-24,0,0,0,64861.494000000006,,,,,,,,,,
2010-07-31,0,0,1,66879.036,342.876,,641495.0,6084737.0,,68265873.0,286766.0,130.6,39956.07668,65.1
2010-08-07,0,0,0,68258.66,,,,,,,,,,
2010-08-14,0,0,0,66621.28,,,,,,,,,,
2010-08-21,0,0,0,67097.666,,,,,,,,,,
2010-08-28,0,0,1,65078.85400000001,341.963,,636302.0,6047334.0,,68674134.0,298342.0,131.6,40229.53069,66.6
2010-09-04,0,0,0,66205.005,,,,,,,,,,
2010-09-11,0,0,0,66646.3675,,,,,,,,,,
2010-09-18,0,0,0,67716.278,,,,,,,,,,
2010-09-25,0,1,1,68245.114,343.115,,606007.0,6022424.0,,68685605.0,294786.0,127.6,39729.9836,67.4
2010-10-02,0,0,0,69375.2975,,,,,,,,,,
2010-10-09,0,0,0,70587.31999999999,,,,,,,,,,
2010-10-16,0,0,0,71535.965,,,,,,,,,,
2010-10-23,0,0,0,70237.124,,,,,,,,,,
2010-10-30,0,0,1,70376.60800000001,345.044,,568838.0,6165528.0,,68500880.0,295061.0,131.7,40540.57713086,68.3
2010-11-06,0,0,0,72266.9925,,,,,,,,,,
2010-11-13,0,0,0,71507.50600000001,,,,,,,,,,
2010-11-20,0,0,0,70145.08499999999,,,,,,,,,,
2010-11-27,0,0,1,68960.428,347.844,,652594.0,6022729.0,,68467108.0,312335.0,126.4,39716.56466,68.8
2010-12-04,0,0,0,69136.7975,,,,,,,,,,
2010-12-11,0,0,0,68657.13200000001,,,,,,,,,,
2010-12-18,0,0,0,68205.40800000001,,,,,,,,,,
2010-12-25,1,1,1,68108.795,351.03,,666033.0,6499031.0,,68479967.0,330353.0,127.1,41721.06228,69.8
2011-01-01,0,0,0,68525.3325,,,,,,,,,,
2011-01-08,0,0,0,70401.434,,,,,,,,,,
2011-01-15,0,0,0,70769.008,,,,,,,,,,
2011-01-22,0,0,0,70056.304,,,,,,,,,,
2011-01-29,0,0,1,68221.0175,354.831,,654620.0,6880697.0,,67627612.0,218124.0,124.0,42386.32411,70.0
2011-02-05,0,0,0,66642.4525,,,,,,,,,,
2011-02-12,0,0,0,65136.876000000004,,,,,,,,,,
2011-02-19,0,0,0,67245.474,,,,,,,,,,
2011-02-26,0,0,1,66892.098,357.212,,675086.0,5616323.0,,68992950.0,259362.0,110.2,40044.0185512,70.5
2011-03-05,0,0,0,67420.4425,,,,,,,,,,
2011-03-12,0,0,0,66663.00333333334,,,,,,,,,,
2011-03-19,0,0,0,66654.572,,,,,,,,,,
2011-03-26,0,1,1,67472.472,359.442,,732914.0,6432151.0,,71595025.0,286677.0,120.5,42721.33886313,71.3
2011-04-02,0,0,0,67969.2325,,,,,,,,,,
2011-04-09,0,0,0,69294.472,,,,,,,,,,
2011-04-16,0,0,0,66902.036,,,,,,,,,,
2011-04-23,0,0,0,66210.53333333333,,,,,,,,,,
2011-04-30,0,0,1,66437.434,362.237,,658367.0,6593530.0,,72838610.0,276052.0,118.4,40797.52498,72.1
2011-05-07,0,0,0,64244.156,,,,,,,,,,
2011-05-14,0,0,0,64102.626000000004,,,,,,,,,,
2011-05-21,0,0,0,62861.502,,,,,,,,,,
2011-05-28,0,0,1,63492.780000000006,365.495,,748325.0,6378396.0,,74291984.0,288847.0,119.4,40884.63355,72.8
2011-06-04,0,0,0,63980.9975,,,,,,,,,,
2011-06-11,0,0,0,63096.906,,,,,,,,,,
2011-06-18,0,0,0,61554.418000000005,,,,,,,,,,
2011-06-25,0,1,1,61200.665,365.047,,690144.0,6119198.0,,74889136.0,272265.0,117.1,39533.57928,73.2
2011-07-02,0,0,0,62312.165,,,,,,,,,,
2011-07-09,0,0,0,62643.23,,,,,,,,,,
2011-07-16,0,0,0,59951.126000000004,,,,,,,,,,
2011-07-23,0,0,0,59514.574,,,,,,,,,,
2011-07-30,0,0,1,59026.119999999995,364.579,,663883.0,7438569.0,,74841577.0,285747.0,120.0,41229.49878,73.8
2011-08-06,0,0,0,55524.864,,,,,,,,,,
2011-08-13,0,0,0,51606.188,,,,,,,,,,
2011-08-20,0,0,0,53926.038,,,,,,,,,,
2011-08-27,0,0,1,53265.33,365.34,,689696.0,6818916.0,,74872713.0,300842.0,121.1,42783.61802,74.3
2011-09-03,0,0,0,56223.895000000004,,,,,,,,,,
2011-09-10,0,0,0,56251.9325,,,,,,,,,,
2011-09-17,0,0,0,56221.409999999996,,,,,,,,,,
2011-09-24,0,1,1,55194.79,367.496,,618959.0,6679308.0,,74845382.0,278138.0,120.6,41115.81673,74.7
2011-10-01,0,0,0,53580.7275,,,,,,,,,,
2011-10-08,0,0,0,51205.142,,,,,,,,,,
2011-10-15,0,0,0,54185.775,,,,,,,,,,
2011-10-22,0,0,0,54634.92,,,,,,,,,,
2011-10-29,0,0,1,57821.002,368.459,,555987.0,6632388.0,,74839655.0,262554.0,124.5,42117.83996523,74.8
2011-11-05,0,0,0,58062.99,,,,,,,,,,
2011-11-12,0,0,0,58328.683999999994,,,,,,,,,,
2011-11-19,0,0,0,57634.615,,,,,,,,,,
2011-11-26,0,0,1,55461.89599999999,370.036,,681094.0,6581566.0,,74837821.0,294699.0,120.2,41193.95076,75.9
2011-12-03,0,0,0,56836.595,,,,,,,,,,
2011-12-10,0,0,0,58560.19,,,,,,,,,,
2011-12-17,0,0,0,56783.33200000001,,,,,,,,,,
2011-12-24,0,0,0,56773.098,,,,,,,,,,
2011-12-31,1,1,1,57240.630000000005,372.67,,637863.0,7073214.0,,74829383.0,305230.0,124.4,43107.84927,76.4
2012-01-07,0,0,0,58721.10799999999,,,,,,,,,,
2012-01-14,0,0,0,59583.719999999994,,,,,,,,,,
2012-01-21,0,0,0,61312.808,,,,,,,,,,
2012-01-28,0,0,1,62682.43,376.286,,655087.0,7533041.0,,70068731.0,233989.0,122.3,43460.690629,78.8
2012-02-04,0,0,0,64286.915,,,,,,,,,,
2012-02-11,0,0,0,65300.05,,,,,,,,,,
2012-02-18,0,0,0,65688.75,,,,,,,,,,
2012-02-25,0,0,1,65951.70666666667,377.307,,607705.0,6295495.0,,67852740.0,224753.0,116.8,43048.150002,78.7
2012-03-03,0,0,0,66447.9175,,,,,,,,,,
2012-03-10,0,0,0,66341.45800000001,,,,,,,,,,
2012-03-17,0,0,0,67693.986,,,,,,,,,,
2012-03-24,0,0,0,66705.412,,,,,,,,,,
2012-03-31,0,1,1,65436.848,379.121,,773147.0,6736551.0,,66597687.0,271395.0,125.0,46609.191665,79.3
2012-04-07,0,0,0,64180.085,,,,,,,,,,
2012-04-14,0,0,0,62223.64599999999,,,,,,,,,,
2012-04-21,0,0,0,62555.278000000006,,,,,,,,,,
2012-04-28,0,0,1,61830.034,381.21,,685303.0,6993871.0,,66410069.0,249016.0,122.0,43066.407616,79.8
2012-05-05,0,0,0,61782.880000000005,,,,,,,,,,
2012-05-12,0,0,0,60103.85800000001,,,,,,,,,,
2012-05-19,0,0,0,55643.302,,,,,,,,,,
2012-05-26,0,0,1,54954.926,383.081,,754973.0,6819899.0,,65669826.0,250488.0,123.4,42546.443381,79.9
2012-06-02,0,0,0,54261.64,,,,,,,,,,
2012-06-09,0,0,0,53621.020000000004,,,,,,,,,,
2012-06-16,0,0,0,55231.469999999994,,,,,,,,,,
2012-06-23,0,0,0,56300.384,,,,,,,,,,
2012-06-30,0,1,1,53551.552,383.719,,653084.0,6910016.0,,65730655.0,317678.0,117.8,40610.10185878,81.6
2012-07-07,0,0,0,55664.60799999999,,,,,,,,,,
2012-07-14,0,0,0,53756.585,,,,,,,,,,
2012-07-21,0,0,0,54287.168000000005,,,,,,,,,,
2012-07-28,0,0,1,53767.193999999996,384.686,,691377.0,8195309.0,,65822995.0,323945.0,120.4,41620.138114,82.9
2012-08-04,0,0,0,56577.1175,,,,,,,,,,
2012-08-11,0,0,0,58619.862,,,,,,,,,,
2012-08-18,0,0,0,58784.619999999995,,,,,,,,,,
2012-08-25,0,0,1,58903.778000000006,385.958,,708647.0,7380991.0,,65973911.0,383535.0,121.0,42864.61206946,83.7
2012-09-01,0,0,0,57785.87,,,,,,,,,,
2012-09-08,0,0,0,57175.125,,,,,,,,,,
2012-09-15,0,0,0,60362.40800000001,,,,,,,,,,
2012-09-22,0,0,0,61654.036,,,,,,,,,,
2012-09-29,0,1,1,60460.958,387.852,,532885.0,7215868.0,,65384254.0,261195.0,117.3,42015.130699,84.6
2012-10-06,0,0,0,58889.6,,,,,,,,,,
2012-10-13,0,0,0,58968.6525,,,,,,,,,,
2012-10-20,0,0,0,59617.762,,,,,,,,,,
2012-10-27,0,0,1,57732.974,390.093,,741313.0,7238115.0,,65601575.0,323700.0,120.0,44674.59816423,85.3
2012-11-03,0,0,0,57747.67333333334,,,,,,,,,,
2012-11-10,0,0,0,58213.572,,,,,,,,,,
2012-11-17,0,0,0,56558.0175,,,,,,,,,,
2012-11-24,0,0,1,56675.995,391.393,,654181.0,6942984.0,,65583643.0,289886.0,112.8,42175.17730066,85.4
2012-12-01,0,0,0,56844.28,,,,,,,,,,
2012-12-08,0,0,0,57917.588,,,,,,,,,,
2012-12-15,0,0,0,59453.484,,,,,,,,,,
2012-12-22,0,0,0,60661.748,,,,,,,,,,
2012-12-29,1,1,1,60775.94,394.263,,604375.0,7209570.0,,65705771.0,327474.0,117.6,45206.043284,86.4
2013-01-05,0,0,0,62795.206666666665,,,,,,,,,,
2013-01-12,0,0,0,61562.94,,,,,,,,,,
2013-01-19,0,0,0,61949.19,,,,,,,,,,
2013-01-26,0,0,1,61682.0225,398.13,,777068.0,7713843.0,,82953874.0,282886.0,115.6,44844.942198,87.3
2013-02-02,0,0,0,60030.315,,,,,,,,,,
2013-02-09,0,0,0,58968.398,,,,,,,,,,
2013-02-16,0,0,0,58128.78333333333,,,,,,,,,,
2013-02-23,0,0,1,56791.528000000006,399.314,,642325.0,6254728.0,,83288808.0,220859.0,106.7,42361.857221,87.6
2013-03-02,0,0,0,56931.075,,,,,,,,,,
2013-03-09,0,0,0,57533.92,,,,,,,,,,
2013-03-16,0,0,0,57657.92,,,,,,,,,,
2013-03-23,0,0,0,56036.86,,,,,,,,,,
2013-03-30,0,1,1,55732.7225,402.19,,734784.0,6979998.0,,80927337.0,277268.0,117.0,46123.239235,88.9
2013-04-06,0,0,0,55210.554000000004,,,,,,,,,,
2013-04-13,0,0,0,55510.89399999999,,,,,,,,,,
2013-04-20,0,0,0,53383.509999999995,,,,,,,,,,
2013-04-27,0,0,1,54676.414000000004,404.586,,814226.0,7024817.0,,80996922.0,325865.0,110.9,43425.949866,89.6
2013-05-04,0,0,0,55232.420000000006,,,,,,,,,,
2013-05-11,0,0,0,55612.94,,,,,,,,,,
2013-05-18,0,0,0,54797.578,,,,,,,,,,
2013-05-25,0,0,1,56230.295999999995,405.907,,742245.0,7230744.0,,81114862.0,308411.0,110.6,43358.63580863,90.4
2013-06-01,0,0,0,55688.96333333334,,,,,,,,,,
2013-06-08,0,0,0,53052.869999999995,,,,,,,,,,
2013-06-15,0,0,0,50002.878000000004,,,,,,,,,,
2013-06-22,0,0,0,48343.424,,,,,,,,,,
2013-06-29,0,1,1,47019.332,407.484,,717837.0,7061930.0,,81333792.0,311929.0,105.2,41566.598235,90.9
2013-07-06,0,0,0,45695.244,,,,,,,,,,
2013-07-13,0,0,0,45679.6075,,,,,,,,,,
2013-07-20,0,0,0,47214.53,,,,,,,,,,
2013-07-27,0,0,1,48851.328,407.216,,764657.0,8048092.0,,81300690.0,332087.0,110.8,43480.648229,93.5
2013-08-03,0,0,0,48847.2325,,,,,,,,,,
2013-08-10,0,0,0,48421.744,,,,,,,,,,
2013-08-17,0,0,0,50848.615999999995,,,,,,,,,,
2013-08-24,0,0,0,51216.206,,,,,,,,,,
2013-08-31,0,0,1,50264.316000000006,407.59,,731984.0,7384124.0,,81312070.0,330843.0,111.7,44665.20259242,94.3
2013-09-07,0,0,0,52255.618,,,,,,,,,,
2013-09-14,0,0,0,53781.188,,,,,,,,,,
2013-09-21,0,0,0,54600.3,,,,,,,,,,
2013-09-28,0,1,1,54163.286,408.696,,615690.0,7404679.0,,81352964.0,295873.0,105.4,43850.8125247,95.1
2013-10-05,0,0,0,52904.5025,,,,,,,,,,
2013-10-12,0,0,0,52684.702000000005,,,,,,,,,,
2013-10-19,0,0,0,55172.172,,,,,,,,,,
2013-10-26,0,0,1,55401.828,410.439,,726459.0,7873392.0,,81364313.0,319795.0,105.1,46037.50195159,95.2
2013-11-02,0,0,0,54449.5575,,,,,,,,,,
2013-11-09,0,0,0,53328.60400000001,,,,,,,,,,
2013-11-16,0,0,0,52527.5225,,,,,,,,,,
2013-11-23,0,0,0,53207.1775,,,,,,,,,,
2013-11-30,0,0,1,51980.19,413.125,,697873.0,7745769.0,,81338487.0,289998.0,101.0,44768.709388,95.4
2013-12-07,0,0,0,50708.29,,,,,,,,,,
2013-12-14,0,0,0,50479.835999999996,,,,,,,,,,
2013-12-21,0,0,0,50750.512,,,,,,,,,,
2013-12-28,1,1,1,51281.22333333333,415.97,,605468.0,8221673.0,,81699787.0,329800.0,104.3,46207.5997393,97.1
2014-01-04,0,0,0,50943.166666666664,,,,,,,,,,
2014-01-11,0,0,0,50199.682,,,,,59.5,,,,,
2014-01-18,0,0,0,49622.702000000005,,,,,58.0,,,,,
2014-01-25,0,0,1,48531.632,419.58,,743284.0,8610214.0,58.0,91283222.0,270371.0,104.8,49860.11551866,97.6
2014-02-01,0,0,0,47585.755000000005,,,,,,,,,,
2014-02-08,0,0,0,47109.564,,,,,56.5,,,,,
2014-02-15,0,0,0,48080.888,,,,,58.0,,,,,
2014-02-22,0,0,1,47199.154,422.497,,729349.0,7180100.0,61.0,88442511.0,240940.0,92.6,46601.62669631,97.9
2014-03-01,0,0,0,47078.8425,,,,,,,,,,
2014-03-08,0,0,0,46642.06666666667,,,,,60.0,,,,,
2014-03-15,0,0,0,45500.424,,,,,59.0,,,,,
2014-03-22,0,0,0,46499.082,,,,,60.0,,,,,
2014-03-29,0,1,1,48710.804,425.955,,715773.0,7522506.0,58.0,86769230.0,224390.0,101.1,48618.62639497,98.2
2014-04-05,0,0,0,51115.3525,,,,,60.0,,,,,
2014-04-12,0,0,0,51592.904,,,,,60.0,,,,,
2014-04-19,0,0,0,51340.8275,,,,,62.0,,,,,
2014-04-26,0,0,1,51690.8375,429.439,,750232.0,7572426.0,58.0,86887561.0,278813.0,90.5,45312.98275902,98.8
2014-05-03,0,0,0,52067.53333333333,,,,,61.0,,,,,
2014-05-10,0,0,0,53560.272,,,,,58.0,,,,,
2014-05-17,0,0,0,54040.840000000004,,,,,60.7,,,,,
2014-05-24,0,0,0,52671.058000000005,,,,,62.0,,,,,
2014-05-31,0,0,1,52245.064,432.369,,693827.0,7642892.0,60.0,86451711.0,275580.0,81.3,44760.98400033,99.8
2014-06-07,0,0,0,52031.728,,,,,60.9,,,,,
2014-06-14,0,0,0,54696.645000000004,,,,,61.0,,,,,
2014-06-21,0,0,0,54692.5575,,,,,60.5,,,,,
2014-06-28,0,1,1,53716.123999999996,433.823,,713477.0,7147603.0,60.0,86601018.0,241078.0,71.9,42172.07286554,99.1
2014-07-05,0,0,0,53532.6875,,,,,57.0,,,,,
2014-07-12,0,0,0,54203.8,,,,,56.0,,,,,
2014-07-19,0,0,0,56017.072,,,,,56.0,,,,,
2014-07-26,0,0,1,57767.16799999999,434.47,,840186.0,8204151.0,57.0,86639858.0,276470.0,70.4,43680.94831518,99.1
2014-08-02,0,0,0,56898.8425,,,,,57.0,,,,,
2014-08-09,0,0,0,56213.31800000001,,,,,58.0,,,,,
2014-08-16,0,0,0,56276.18200000001,,,,,56.0,,,,,
2014-08-23,0,0,0,58457.536,,,,,57.0,,,,,
2014-08-30,0,0,1,60417.242000000006,434.574,,735103.0,7958671.0,56.0,86642526.0,254897.0,69.6,44044.08162966,100.6
2014-09-06,0,0,0,61271.257999999994,,,,,55.2,,,,,
2014-09-13,0,0,0,58266.56999999999,,,,,54.0,,,,,
2014-09-20,0,0,0,58466.958000000006,,,,,53.0,,,,,
2014-09-27,0,1,1,56671.498,436.413,,740343.0,7723665.0,53.0,86204857.0,270602.0,68.6,44274.60657692,101.2
2014-10-04,0,0,0,53885.475,,,,,54.0,,,,,
2014-10-11,0,0,0,56837.966,,,,,53.0,,,,,
2014-10-18,0,0,0,56425.876000000004,,,,,55.0,,,,,
2014-10-25,0,0,1,52360.004,438.412,,774208.0,8341213.0,53.3,86281097.0,277986.0,71.0,46760.73587123,102.1
2014-11-01,0,0,0,51554.96,,,,,,,,,,
2014-11-08,0,0,0,53577.826,,,,,56.3,,,,,
2014-11-15,0,0,0,52359.394,,,,,57.3,,,,,
2014-11-22,0,0,0,53201.425,,,,,54.8,,,,,
2014-11-29,0,0,1,55102.302,440.744,,711919.0,8116314.0,57.0,86310460.0,272772.0,69.3,44939.24716327,103.0
2014-12-06,0,0,0,51925.858,,,,,57.0,,,,,
2014-12-13,0,0,0,49575.882,,,,,58.0,,,,,
2014-12-20,0,0,0,48177.302,,,,,55.3,,,,,
2014-12-27,1,1,1,50385.1,444.098,,652328.0,8721503.0,55.3,86442860.0,331309.0,70.9,46177.33286192,102.2
2015-01-03,0,0,0,49704.48333333334,,,,,55.8,,,,,
2015-01-10,0,0,0,48752.840000000004,,,,,56.3,,,,,
2015-01-17,0,0,0,48174.022,,,,,53.3,,,,,
2015-01-24,0,0,0,48615.334,,,,,50.8,,,,,
2015-01-31,0,0,1,47906.448,450.082,,724384.0,9177831.0,50.3,95516844.0,224445.0,70.8,51604.12947187,102.9
2015-02-07,0,0,0,48788.312,,,,,52.0,,,,,
2015-02-14,0,0,0,49260.234,,,,,54.0,,,,,
2015-02-21,0,0,0,51270.69666666666,,,,,53.8,,,,,
2015-02-28,0,0,1,51661.892,455.21,,675491.0,7202927.0,53.8,94888440.0,186189.0,63.5,45611.13306583,102.8
2015-03-07,0,0,0,50627.87,,,,,53.8,,,,,
2015-03-14,0,0,0,48771.240000000005,,,,,56.3,,,,,
2015-03-21,0,0,0,50715.926,,,,,56.3,,,,,
2015-03-28,0,1,1,51189.468,461.682,,824966.0,7683830.0,55.8,94785981.0,229048.0,72.2,49839.65995082,102.8
2015-04-04,0,0,0,52229.409999999996,,,,,56.3,,,,,
2015-04-11,0,0,0,53828.86,,,,,56.0,,,,,
2015-04-18,0,0,0,54353.886,,,,,55.0,,,,,
2015-04-25,0,0,1,55164.425,465.132,,642005.0,7778137.0,54.5,95610365.0,213721.0,64.9,46432.30205053,102.5
2015-05-02,0,0,0,55557.27333333334,,,,,53.0,,,,,
2015-05-09,0,0,0,57315.89,,,,,,,,,,
2015-05-16,0,0,0,56853.278000000006,,,,,,,,,,
2015-05-23,0,0,0,55218.68200000001,,,,,,,,,,
2015-05-30,0,0,1,53842.404,468.283,,660162.0,7612489.0,,96257841.0,221076.0,62.8,46134.19362423,102.8
2015-06-06,0,0,0,53441.0025,,,,,53.5,,,,,
2015-06-13,0,0,0,53307.619999999995,,,,,54.0,,,,,
2015-06-20,0,0,0,53615.24399999999,,,,,53.5,,,,,
2015-06-27,0,1,1,53734.252,472.167,,689097.0,7333084.0,54.0,96442521.0,227615.0,61.3,44104.5832796,102.6
2015-07-04,0,0,0,52849.33,,,,,56.0,,,,,
2015-07-11,0,0,0,52216.385,,,,,56.0,,,,,
2015-07-18,0,0,0,52934.49399999999,,,,,58.0,,,,,
2015-07-25,0,0,1,50608.518,475.022,,736240.0,8793698.0,59.0,96666669.0,218232.0,63.5,45542.29251467,102.3
2015-08-01,0,0,0,49619.917499999996,,,,,,,,,,
2015-08-08,0,0,0,49814.486,,,,,58.0,,,,,
2015-08-15,0,0,0,48466.268,,,,,59.0,,,,,
2015-08-22,0,0,0,46725.052,,,,,60.0,,,,,
2015-08-29,0,0,1,45957.704,476.179,,683565.0,7733983.0,58.0,96744941.0,208294.0,63.2,46236.08630978,102.3
2015-09-05,0,0,0,46451.1525,,,,,68.0,,,,,
2015-09-12,0,0,0,46580.9125,,,,,67.0,,,,,
2015-09-19,0,0,0,47802.762,,,,,68.0,,,,,
2015-09-26,0,1,1,45663.664000000004,477.713,,676081.0,7551670.0,69.0,96950399.0,201206.0,61.4,46090.07320505,102.8
2015-10-03,0,0,0,45108.792499999996,,,,,70.0,,,,,
2015-10-10,0,0,0,48538.490000000005,,,,,67.0,,,,,
2015-10-17,0,0,0,47117.5775,,,,,70.0,,,,,
2015-10-24,0,0,0,47383.688,,,,,70.0,,,,,
2015-10-31,0,0,1,46498.052,480.776,,492692.0,7802187.0,72.0,96884196.0,201956.0,63.5,49022.03174406,104.3
2015-11-07,0,0,0,47682.2525,,,,,70.0,,,,,
2015-11-14,0,0,0,46573.418,,,,,69.0,,,,,
2015-11-21,0,0,0,47417.28,,,,,72.0,,,,,
2015-11-28,0,0,1,47263.924,485.094,,760649.0,7481594.0,68.0,96926618.0,203465.0,61.3,47083.80904468,104.7
2015-12-05,0,0,0,45428.8225,,,,,72.0,,,,,
2015-12-12,0,0,0,45333.476,,,,,72.0,,,,,
2015-12-19,0,0,0,44761.534,,,,,71.0,,,,,
2015-12-26,1,1,1,43561.46333333333,489.559,,626127.0,8302368.0,72.0,97043704.0,236702.0,63.8,48273.57738601,105.2
2016-01-02,0,0,0,43589.416666666664,,,,,70.0,,,,,
2016-01-09,0,0,0,41528.082,,,,,64.0,,,,,
2016-01-16,0,0,0,39295.594,,,,,74.0,,,,,
2016-01-23,0,0,0,37877.614,,,,,72.0,,,,,
2016-01-30,0,0,1,38727.5025,496.798,,602144.0,9039242.0,70.0,102689122.0,154012.0,64.9,47741.95756758,104.7
2016-02-06,0,0,0,40033.764,,,,,67.0,,,,,
2016-02-13,0,0,0,39834.30666666667,,,,,64.0,,,,,
2016-02-20,0,0,0,41138.484,,,,,65.0,,,,,
2016-02-27,0,0,1,42264.262,502.708,,594501.0,7229182.0,64.0,101816438.0,161434.0,61.2,47499.86423762,106.5
2016-03-05,0,0,0,46322.75,,,,,62.0,,,,,
2016-03-12,0,0,0,49224.4,,,,,60.0,,,,,
2016-03-19,0,0,0,49097.846000000005,,,,,60.5,,,,,
2016-03-26,0,1,1,50382.295,505.599,,758770.0,7317889.0,60.5,100191047.0,194841.0,65.4,50000.01182782,106.9
2016-04-02,0,0,0,50950.917499999996,,,,,62.0,,,,,
2016-04-09,0,0,0,48947.176,,,,,60.0,,,,,
2016-04-16,0,0,0,52191.186,,,,,61.0,,,,,
2016-04-23,0,0,0,53285.735,,,,,64.0,,,,,
2016-04-30,0,0,1,53528.89399999999,507.573,,644616.0,6953549.0,68.0,98472972.0,181306.0,64.8,49056.91640811,107.5
2016-05-07,0,0,0,52352.678,,,,,68.0,,,,,
2016-05-14,0,0,0,52374.21,,,,,71.0,,,,,
2016-05-21,0,0,0,50611.868,,,,,75.0,,,,,
2016-05-28,0,0,1,49302.49,510.853,,687754.0,7072799.0,76.0,96757132.0,194266.0,67.2,46699.8052408,107.5
2016-06-04,0,0,0,49620.932499999995,,,,,80.0,,,,,
2016-06-11,0,0,0,50617.914000000004,,,,,84.0,,,,,
2016-06-18,0,0,0,49233.856,,,,,85.5,,,,,
2016-06-25,0,1,1,50597.708,512.517,,703515.0,6919015.0,82.0,96569646.0,196257.0,65.2,44813.18789971,108.4
2016-07-02,0,0,0,50621.76,,,,,81.5,,,,,
2016-07-09,0,0,0,52293.628000000004,,,,,78.0,,,,,
2016-07-16,0,0,0,54774.78200000001,,,,,77.5,,,,,
2016-07-23,0,0,0,56680.780000000006,,,,,75.0,,,,,
2016-07-30,0,0,1,56896.73,514.008,,645429.0,8216466.0,73.0,96347984.0,202981.0,67.7,46077.02787972,108.8
2016-08-06,0,0,0,57050.018000000004,,,,,70.0,,,,,
2016-08-13,0,0,0,57768.522,,,,,72.0,,,,,
2016-08-20,0,0,0,59118.036,,,,,73.0,,,,,
2016-08-27,0,0,1,57791.507999999994,516.055,,654393.0,7475669.0,74.0,96388856.0,200768.0,68.5,47025.72922812,109.1
2016-09-03,0,0,0,58759.619999999995,,,,,73.0,,,,,
2016-09-10,0,0,0,59481.79,,,,,72.0,,,,,
2016-09-17,0,0,0,57491.117999999995,,,,,72.0,,,,,
2016-09-24,0,1,1,58234.386,516.877,,422025.0,7188581.0,72.0,96056994.0,177755.0,66.3,45811.18038708,108.1
2016-10-01,0,0,0,58535.59,,,,,,,,,,
2016-10-08,0,0,0,60161.60400000001,,,,,70.0,,,,,
2016-10-15,0,0,0,61393.99,,,,,70.0,,,,,
2016-10-22,0,0,0,63589.966,,,,,69.0,,,,,
2016-10-29,0,0,1,64061.780000000006,517.779,,631199.0,7399942.0,68.0,96036887.0,177315.0,68.0,47701.42814255,108.1
2016-11-05,0,0,0,62224.993333333325,,,,,67.0,,,,,
2016-11-12,0,0,0,62370.414000000004,,,,,66.0,,,,,
2016-11-19,0,0,0,60037.2525,,,,,70.0,,,,,
2016-11-26,0,0,1,61593.052,519.141,,643646.0,7344420.0,69.0,96026383.0,214373.0,66.0,46727.57499229,107.7
2016-12-03,0,0,0,60916.1725,,,,,68.0,,,,,
2016-12-10,0,0,0,60702.314,,,,,70.0,,,,,
2016-12-17,0,0,0,58691.302,,,,,69.0,,,,,
2016-12-24,0,0,0,57506.545999999995,,,,,67.0,,,,,
2016-12-31,1,1,1,59331.4675,520.16,,575203.0,8117839.0,67.0,95753265.0,238120.0,67.4,48420.05317151,106.2
2017-01-07,0,0,0,61340.804000000004,,,,,65.0,,,,,
2017-01-14,0,0,0,62776.759999999995,,,,,66.0,,,,,
2017-01-21,0,0,0,64161.448,,,,,64.0,,,,,
2017-01-28,0,0,1,65953.3325,523.501,,580680.0,8661998.00000001,66.0,107039408.0,168532.0,67.7,50794.54527658,110.6
2017-02-04,0,0,0,64667.5025,,,,,61.0,,,,,
2017-02-11,0,0,0,64823.33,,,,,61.0,,,,,
2017-02-18,0,0,0,67443.75200000001,,,,,61.0,,,,,
2017-02-25,0,0,1,68059.584,525.53,,522416.0,6723659.0,60.0,108404791.0,188386.0,61.3,46980.13176239,110.2
2017-03-04,0,0,0,66543.11333333333,,,,,59.0,,,,,
2017-03-11,0,0,0,65212.481999999996,,,,,58.0,,,,,
2017-03-18,0,0,0,65292.28400000001,,,,,57.0,,,,,
2017-03-25,0,1,1,63754.10600000001,527.545,,702842.0,7561714.0,55.0,110935272.0,237531.0,67.9,51332.86173666,108.4
2017-04-01,0,0,0,64935.7775,,,,,,,,,,
2017-04-08,0,0,0,64914.194,,,,,51.0,,,,,
2017-04-15,0,0,0,63931.89,,,,,51.0,,,,,
2017-04-22,0,0,0,63915.34,,,,,52.0,,,,,
2017-04-29,0,0,1,64895.816000000006,529.269,,532891.0,7029956.0,56.0,112858921.0,200561.0,66.2,46500.21158735,109.4
2017-05-06,0,0,0,65846.97,,,,,57.0,,,,,
2017-05-13,0,0,0,66982.598,,,,,58.0,,,,,
2017-05-20,0,0,0,65787.062,,,,,56.0,,,,,
2017-05-27,0,0,1,62981.10600000001,530.817,,662341.0,7223608.0,59.0,113871771.0,247877.0,68.3,47524.17254907,109.9
2017-06-03,0,0,0,63130.6025,,,,,57.0,,,,,
2017-06-10,0,0,0,62708.4,,,,,54.0,,,,,
2017-06-17,0,0,0,61769.64,,,,,56.0,,,,,
2017-06-24,0,1,1,61180.257999999994,530.384,,580928.0,7043663.0,57.0,114776780.0,242295.0,66.1,45368.05291045,110.5
2017-07-01,0,0,0,62030.1175,,,,,,,,,,
2017-07-08,0,0,0,62891.614,,,,,57.0,,,,,
2017-07-15,0,0,0,64461.54,,,,,61.0,,,,,
2017-07-22,0,0,0,65070.42,,,,,58.0,,,,,
2017-07-29,0,0,1,65310.45,530.607,,575139.0,8445528.0,54.0,114996100.0,229622.0,68.4,45482.20853207,110.6
2017-08-05,0,0,0,66831.83750000001,,,,,54.0,,,,,
2017-08-12,0,0,0,67572.06999999999,,,,,56.0,,,,,
2017-08-19,0,0,0,68385.106,,,,,57.0,,,,,
2017-08-26,0,0,1,70265.996,532.383,,603911.0,7679281.99999999,57.0,114918026.0,260325.0,68.1,46851.03129382,110.2
2017-09-02,0,0,0,71288.9525,,,,,57.5,,,,,
2017-09-09,0,0,0,72692.74250000001,,,,,58.0,,,,,
2017-09-16,0,0,0,74811.70800000001,,,,,59.0,,,,,
2017-09-23,0,0,0,75792.56599999999,,,,,58.5,,,,,
2017-09-30,0,1,1,74083.932,531.882,,528143.0,7648674.0,60.0,115062174.0,239083.0,66.1,46752.90304667,111.3
2017-10-07,0,0,0,76077.286,,,,,60.0,,,,,
2017-10-14,0,0,0,76568.4025,,,,,59.0,,,,,
2017-10-21,0,0,0,76471.56999999999,,,,,61.0,,,,,
2017-10-28,0,0,1,76061.302,533.377,,545950.0,7962893.0,60.0,114959598.0,243720.0,68.5,49179.3671754,110.8
2017-11-04,0,0,0,74179.83333333333,,,,,62.0,,,,,
2017-11-11,0,0,0,73237.026,,,,,62.0,,,,,
2017-11-18,0,0,0,72312.70749999999,,,,,59.5,,,,,
2017-11-25,0,0,1,74439.3375,534.897,,519396.0,7701330.0,62.0,114968060.0,255704.0,66.6,47312.93016457,111.7
2017-12-02,0,0,0,73290.885,,,,,60.0,,,,,
2017-12-09,0,0,0,72824.798,,,,,63.0,,,,,
2017-12-16,0,0,0,72912.90599999999,,,,,62.5,,,,,
2017-12-23,0,0,0,73896.562,,,,,62.0,,,,,
2017-12-30,1,1,1,76060.78333333333,536.507,,490544.0,8467341.0,62.5,114982993.0,247998.0,66.5,49523.36398056,111.0
2018-01-06,0,0,0,78401.27249999999,,,,,62.5,,,,,
2018-01-13,0,0,0,79031.442,,,,,62.5,,,,,
2018-01-20,0,0,0,80591.088,,,,,63.0,,,,,
2018-01-27,0,0,1,82891.1525,539.515,,545235.0,8862111.0,62.0,112433054.0,206675.0,66.8,51008.30010201,113.1
2018-02-03,0,0,0,84679.2625,,,,,60.0,,,,,
2018-02-10,0,0,0,82191.152,,,,,60.0,,,,,
2018-02-17,0,0,0,84119.33,,,,,60.0,,,,,
2018-02-24,0,0,1,86135.38,541.043,,497831.0,7003097.0,61.0,113154525.0,204831.0,60.5,46009.67774564,112.5
2018-03-03,0,0,0,86431.80249999999,,,,,62.0,,,,,
2018-03-10,0,0,0,85701.494,,,,,65.5,,,,,
2018-03-17,0,0,0,85829.986,,,,,65.0,,,,,
2018-03-24,0,0,0,84439.704,,,,,64.5,,,,,
2018-03-31,0,1,1,84533.905,541.787,,603780.0,7626873.0,66.0,114525973.0,250423.0,67.8,52572.52575664,114.2
2018-04-07,0,0,0,84735.93400000001,,,,,69.0,,,,,
2018-04-14,0,0,0,84568.224,,,,,72.0,,,,,
2018-04-21,0,0,0,84819.704,,,,,71.0,,,,,
2018-04-28,0,0,1,85788.766,543.49,,601693.0,7435902.0,72.0,115617772.0,263490.0,60.3,48582.37282465,115.3
2018-05-05,0,0,0,83651.08666666667,,,,,73.0,,,,,
2018-05-12,0,0,0,84203.482,,,,,73.0,,,,,
2018-05-19,0,0,0,84720.68000000001,,,,,74.5,,,,,
2018-05-26,0,0,1,80888.292,544.905,,597703.0,7457258.0,73.0,115752047.0,236388.0,51.6,47458.55493673,114.4
2018-06-02,0,0,0,76355.2925,,,,,72.0,,,,,
2018-06-09,0,0,0,75629.706,,,,,71.0,,,,,
2018-06-16,0,0,0,71872.592,,,,,69.5,,,,,
2018-06-23,0,0,0,70809.608,,,,,67.5,,,,,
2018-06-30,0,1,1,71499.124,550.848,,559260.0,7313279.0,68.0,116309308.0,240714.0,49.8,45731.73999353,115.2
2018-07-07,0,0,0,74162.814,,,,,68.35,,,,,
2018-07-14,0,0,0,75427.88,,,,,70.0,,,,,
2018-07-21,0,0,0,77640.73199999999,,,,,75.0,,,,,
2018-07-28,0,0,1,79328.122,553.245,,570963.0,9022959.0,74.0,116405751.0,239856.0,51.6,47215.68074413,115.1
2018-08-04,0,0,0,80162.23,,,,,75.0,,,,,
2018-08-11,0,0,0,79166.268,,,,,75.0,,,,,
2018-08-18,0,0,0,77204.76,,,,,75.0,,,,,
2018-08-25,0,0,1,76061.322,553.545,,574765.0,8029208.0,77.0,116768024.0,274312.0,51.5,47864.04463744,117.4
2018-09-01,0,0,0,77548.9525,,,,,,,,,,
2018-09-08,0,0,0,75603.2075,,,,,79.0,,,,,
2018-09-15,0,0,0,75266.692,,,,,80.0,,,,,
2018-09-22,0,0,0,78166.36,,,,,82.0,,,,,
2018-09-29,0,1,1,78922.604,555.097,,501594.0,7783073.0,76.7,117255703.0,226447.0,49.1,46620.19867607,117.0
2018-10-06,0,0,0,81753.048,,,,,82.0,,,,,
2018-10-13,0,0,0,84692.9175,,,,,78.0,,,,,
2018-10-20,0,0,0,84581.634,,,,,78.0,,,,,
2018-10-27,0,0,1,84752.738,557.944,,569626.0,8170771.0,78.5,117737831.0,264434.0,50.5,49872.2722053,117.2
2018-11-03,0,0,0,86367.15666666668,,,,,74.0,,,,,
2018-11-10,0,0,0,87448.558,,,,,76.5,,,,,
2018-11-17,0,0,0,86231.785,,,,,76.5,,,,,
2018-11-24,0,0,1,87219.3275,558.42,,504015.0,8043260.0,74.0,117927506.0,239547.0,48.8,48532.86424203,120.3
2018-12-01,0,0,0,88099.52249999999,,,,,,,,,,
2018-12-08,0,0,0,88889.182,,,,,73.5,,,,,
2018-12-15,0,0,0,86919.76999999999,,,,,75.0,,,,,
2018-12-22,0,0,0,85930.034,,,,,73.0,,,,,
2018-12-29,1,1,1,86161.19666666667,558.637,,454130.0,8769272.0,73.0,117833492.0,237798.0,50.7,50437.00028427,116.2
2019-01-05,0,0,0,91472.46,,,,,71.0,,,,,
2019-01-12,0,0,0,92961.642,,,,,69.0,,,,,
2019-01-19,0,0,0,94874.15400000001,,,,,62.0,,,,,
2019-01-26,0,0,1,96337.1975,561.889,,586411.0,9126016.0,63.0,114721472.0,206117.0,51.5,54346.97329792,118.7
2019-02-02,0,0,0,96485.175,,,,,64.0,,,,,
2019-02-09,0,0,0,96256.826,,,,,63.5,,,,,
2019-02-16,0,0,0,96392.948,,,,,66.0,,,,,
2019-02-23,0,0,1,97106.35,563.363,,550569.0,7562049.0,66.5,113393434.0,217205.0,45.6,48203.66973122,119.0
2019-03-02,0,0,0,96688.37,,,,,66.5,,,,,
2019-03-09,0,0,0,94640.64,,,,,66.0,,,,,
2019-03-16,0,0,0,98499.992,,,,,67.0,,,,,
2019-03-23,0,0,0,97617.586,,,,,66.0,,,,,
2019-03-30,0,1,1,94135.148,566.626,,556226.0,7912192.0,67.0,112516470.0,225302.0,50.3,51414.80626364,121.4
2019-04-06,0,0,0,95870.788,,,,,66.0,,,,,
2019-04-13,0,0,0,95448.84599999999,,,,,66.0,,,,,
2019-04-20,0,0,0,93819.8225,,,,,66.0,,,,,
2019-04-27,0,0,1,95668.95999999999,570.528,,612909.0,7526115.0,66.0,112605157.0,240679.0,49.0,49437.44088858,120.0
2019-05-04,0,0,0,95907.75333333334,,,,,66.0,,,,,
2019-05-11,0,0,0,94811.88200000001,,,,,63.0,,,,,
2019-05-18,0,0,0,91091.924,,,,,64.5,,,,,
2019-05-25,0,0,1,93665.862,572.517,,627779.0,7291810.0,67.0,112474505.0,261975.0,49.8,49794.58222987,120.1
2019-06-01,0,0,0,96320.23,,,,,,,,,,
2019-06-08,0,0,0,97085.124,,,,,67.0,,,,,
2019-06-15,0,0,0,98312.266,,,,,68.0,,,,,
2019-06-22,0,0,0,99835.9225,,,,,73.0,,,,,
2019-06-29,0,1,1,100907.016,572.143,,508886.0,7124041.0,69.0,112546649.0,240912.0,48.7,46085.11757221,119.8
2019-07-06,0,0,0,102342.72,,,,,66.0,,,,,
2019-07-13,0,0,0,104849.9275,,,,,66.0,,,,,
2019-07-20,0,0,0,103920.43000000001,,,,,65.5,,,,,
2019-07-27,0,0,1,103449.358,573.06,,625604.0,8736187.0,66.0,113150491.0,260581.0,54.9,46949.34557942,120.7
2019-08-03,0,0,0,102803.7525,,,,,68.0,,,,,
2019-08-10,0,0,0,102631.04000000001,,,,,71.0,,,,,
2019-08-17,0,0,0,100867.07800000001,,,,,72.0,,,,,
2019-08-24,0,0,0,99514.318,,,,,74.0,,,,,
2019-08-31,0,0,1,98711.67199999999,574.36,,567067.0,8050266.0,76.0,113194339.0,253601.0,59.2,47619.06584407,120.7
2019-09-07,0,0,0,101337.178,,,,,76.5,,,,,
2019-09-14,0,0,0,103505.956,,,,,76.5,,,,,
2019-09-21,0,0,0,104397.152,,,,,75.0,,,,,
2019-09-28,0,1,1,104678.298,574.117,,521573.0,7967020.0,77.0,112823827.0,246657.0,59.3,47995.07035644,122.6
2019-10-05,0,0,0,102288.05,,,,,78.0,,,,,
2019-10-12,0,0,0,101490.4,,,,,79.0,,,,,
2019-10-19,0,0,0,104791.72,,,,,80.0,,,,,
2019-10-26,0,0,1,107059.38,573.837,,553608.0,8561572.0,80.0,113018142.0,258149.0,62.3,51592.27840538,123.1
2019-11-02,0,0,0,108086.6225,,,,,79.0,,,,,
2019-11-09,0,0,0,108613.624,,,,,81.0,,,,,
2019-11-16,0,0,0,106933.845,,,,,81.0,,,,,
2019-11-23,0,0,0,107080.61,,,,,82.0,,,,,
2019-11-30,0,0,1,107942.88999999998,574.988,,511025.0,8274935.0,82.0,113168021.0,250458.0,59.3,49576.57318372,124.6
2019-12-07,0,0,0,109986.56000000001,,,,,81.0,,,,,
2019-12-14,0,0,0,111475.54199999999,,,,,83.0,,,,,
2019-12-21,0,0,0,113815.73599999999,,,,,82.0,,,,,
2019-12-28,1,1,1,116533.48999999999,579.805,,434285.0,9050984.0,80.0,113488489.0,262068.0,60.3,50557.86156149,125.5
2020-01-04,0,0,0,117308.36666666665,,,,,,,,,,
2020-01-11,0,0,0,116247.48400000001,,,,,78.0,,,,,
2020-01-18,0,0,0,117310.90800000001,,,,,79.0,,,,,
2020-01-25,0,0,1,118436.604,582.81,,568609.0,9340563.0,77.5,123340208.0,191704.0,60.3,52544.79621751,125.5
2020-02-01,0,0,0,115468.42499999999,,,,,,,,,,
2020-02-08,0,0,0,115034.88999999998,,,,,77.0,,,,,
2020-02-15,0,0,0,114931.63,,,,,74.0,,,,,
2020-02-22,0,0,0,115014.324,,,,,74.0,,,,,
2020-02-29,0,0,1,104291.13333333335,584.059,,483145.0,7725689.0,74.0,125235188.0,217602.0,56.0,49583.68304242,126.1
2020-03-07,0,0,0,103923.356,,,,,77.5,,,,,
2020-03-14,0,0,0,83742.648,,,,,78.0,,,,,
2020-03-21,0,0,0,69677.49399999999,,,,,80.0,,,,,
2020-03-28,0,1,1,71878.586,584.732,,536842.0,5110780.0,81.0,120722412.0,177232.0,53.0,51026.56288425,125.5
2020-04-04,0,0,0,71849.3,,,,,83.0,,,,,
2020-04-11,0,0,0,76684.4075,,,,,82.0,,,,,
2020-04-18,0,0,0,78877.55600000001,,,,,84.0,,,,,
2020-04-25,0,0,1,78665.955,585.517,,748539.0,413688.0,85.0,121044411.0,54580.0,49.7,43708.3601423,103.2
2020-05-02,0,0,0,80907.21,,,,,85.0,,,,,
2020-05-09,0,0,0,79158.51999999999,,,,,90.0,,,,,
2020-05-16,0,0,0,78255.236,,,,,95.0,,,,,
2020-05-23,0,0,0,81691.278,,,,,94.0,,,,,
2020-05-30,0,0,1,86686.064,581.979,,960308.0,558524.0,90.0,119352169.0,56266.0,50.9,44622.48771362,113.5
2020-06-06,0,0,0,92226.85800000001,,,,,90.0,,,,,
2020-06-13,0,0,0,95468.1175,,,,,92.0,,,,,
2020-06-20,0,0,0,94830.264,,,,,93.0,,,,,
2020-06-27,0,1,1,95101.212,582.192,,653173.0,918537.0,,119899492.0,135140.0,51.1,44416.4304661,123.2
2020-07-04,0,0,0,96234.59,,,,,99.0,,,,,
2020-07-11,0,0,0,99132.048,,,,,101.0,,,,,
2020-07-18,0,0,0,100873.87,,,,,105.0,,,,,
2020-07-25,0,0,1,103540.114,585.016,,570601.0,1656445.0,105.0,120130863.0,184818.0,56.7,47324.59054382,129.6
2020-08-01,0,0,0,104800.005,,,,,,,,,,
2020-08-08,0,0,0,102749.75600000001,,,,,110.0,,,,,
2020-08-15,0,0,0,101910.144,,,,,105.0,,,,,
2020-08-22,0,0,0,101100.728,,,,,118.0,,,,,
2020-08-29,0,0,1,101561.898,587.795,,463834.0,2239914.0,120.0,120969074.0,193421.0,60.9,48146.10123468,134.5
2020-09-05,0,0,0,101510.4675,,,,,129.0,,,,,
2020-09-12,0,0,0,99635.0725,,,,,125.0,,,,,
2020-09-19,0,0,0,99727.13,,,,,129.0,,,,,
2020-09-26,0,1,1,96806.106,591.548,,466262.0,3107604.0,149.0,121386542.0,219033.0,60.3,49867.2264302,137.8
2020-10-03,0,0,0,94435.23,,,,,149.0,,,,,
2020-10-10,0,0,0,96526.704,,,,,152.0,,,,,
2020-10-17,0,0,0,98800.1075,,,,,154.0,,,,,
2020-10-24,0,0,0,100585.48000000001,,,,,162.0,,,,,
2020-10-31,0,0,1,97305.164,596.129,,460721.0,4167617.0,166.0,121500545.0,230927.0,62.7,52477.50384412,140.5
2020-11-07,0,0,0,98880.7575,,,,,175.0,,,,,
2020-11-14,0,0,0,104124.19200000001,,,,,174.0,,,,,
2020-11-21,0,0,0,106502.004,,,,,163.0,,,,,
2020-11-28,0,0,1,109620.062,600.418,,446373.0,4853406.0,153.0,121550704.0,249104.0,60.5,48857.69465734,142.5
2020-12-05,0,0,0,112330.0625,,,,,154.0,,,,,
2020-12-12,0,0,0,114128.124,,,,,144.0,,,,,
2020-12-19,0,0,0,117008.268,,,,,139.0,,,,,
2020-12-26,1,1,1,116755.2,607.696,,425714.0,5686688.0,140.0,121522363.0,261321.0,63.0,51840.00519624,135.6
2021-01-02,0,0,0,119183.36333333333,,,,,140.0,,,,,
2021-01-09,0,0,0,120958.71,,,,,150.0,,,,,
2021-01-16,0,0,0,122603.106,,,,,159.0,,,,,
2021-01-23,0,0,0,119446.78,,,,,158.0,,,,,
2021-01-30,0,0,1,116735.53,610.187,,480034.0,6117564.0,158.0,130307166.0,180904.0,63.9,53142.20404165,137.1
2021-02-06,0,0,0,118995.43600000002,,,,,158.0,,,,,
2021-02-13,0,0,0,119266.372,,,,,158.0,,,,,
2021-02-20,0,0,0,119328.43,,,,,148.0,,,,,
2021-02-27,0,0,1,113170.894,612.295,,486154.0,4373505.0,148.0,130424395.0,186718.0,58.1,48404.39743525,139.7
2021-03-06,0,0,0,112190.196,,,,,152.8,,,,,
2021-03-13,0,0,0,112772.56999999999,,,,,152.8,,,,,
2021-03-20,0,0,0,115295.19399999999,,,,,155.0,,,,,
2021-03-27,0,1,1,113767.074,618.313,,586226.0,3269774.0,154.0,131830476.0,208801.0,64.9,54053.05277758,139.6
2021-04-03,0,0,0,115840.56666666667,,,,,154.0,,,,,
2021-04-10,0,0,0,117724.804,,,,,153.8,,,,,
2021-04-17,0,0,0,120043.63,,,,,154.8,,,,,
2021-04-24,0,0,1,120224.3275,621.042,,565307.0,,157.0,131927408.0,191853.0,63.6,49558.21423318,142.8
2021-05-01,0,0,0,120275.3125,,,,,,,,,,
2021-05-08,0,0,0,119688.928,,,,,162.0,,,,,
2021-05-15,0,0,0,121433.96,,,,,166.0,,,,,
2021-05-22,0,0,0,122769.478,,,,,166.0,,,,,
2021-05-29,0,0,1,124187.28799999999,624.809,,527070.0,,163.0,132909904.0,206221.0,66.3,50292.2282338,147.5
2021-06-05,0,0,0,129331.42333333334,,,,,161.0,,,,,
2021-06-12,0,0,0,129997.476,,,,,156.0,,,,,
2021-06-19,0,0,0,129204.22,,,,,149.0,,,,,
2021-06-26,0,1,1,128645.924,628.393,,483246.0,,139.0,133255236.0,191571.0,64.3,47737.5237022,147.5
2021-07-03,0,0,0,127011.1125,,,,,150.0,,,,,
2021-07-10,0,0,0,126115.35250000001,,,,,150.0,,,,,
2021-07-17,0,0,0,127519.24399999999,,,,,155.0,,,,,
2021-07-24,0,0,0,125384.924,,,,,160.0,,,,,
2021-07-31,0,0,1,124875.51999999999,633.608,,485676.0,,160.0,133426648.0,174739.0,66.2,48214.31936555,152.9
2021-08-07,0,0,0,122467.35800000001,,,,,159.0,,,,,
2021-08-14,0,0,0,121834.584,,,,,158.0,,,,,
2021-08-21,0,0,0,117788.78400000001,,,,,162.0,,,,,
2021-08-28,0,0,1,119580.34,638.36,,493801.0,,158.0,133767654.0,178900.0,65.9,49321.28815978,149.5
2021-09-04,0,0,0,118186.47,,,,,153.0,,,,,
2021-09-11,0,0,0,115232.065,,,,,158.0,,,,,
2021-09-18,0,0,0,114576.09199999999,,,,,162.0,,,,,
2021-09-25,0,1,1,111744.55600000001,645.97,,494433.0,,162.0,134036384.0,156803.0,,49602.87716483,149.5
2021-10-02,0,0,0,111928.3325,,,,,163.0,,,,,
2021-10-09,0,0,0,110965.786,,,,,162.0,,,,,
2021-10-16,0,0,0,113367.4675,,,,,156.0,,,,,
2021-10-23,0,0,0,109983.71199999998,,,,,158.0,,,,,
2021-10-30,0,0,1,106140.56999999999,652.738,,491302.0,,160.0,134086406.0,170178.0,,50376.05058384,150.5
2021-11-06,0,0,0,104851.015,,,,,156.0,,,,,
2021-11-13,0,0,0,106034.15800000001,,,,,148.0,,,,,
2021-11-20,0,0,0,103201.45,,,,,153.0,,,,,
2021-11-27,0,0,1,103665.178,658.817,,512832.0,,156.0,134254267.0,176322.0,,49952.64494755,
2021-12-04,0,0,0,103281.1325,,,,,153.0,,,,,
2021-12-11,0,0,0,107312.33,,,,,156.0,,,,,
2021-12-18,0,0,0,107420.26200000002,,,,,156.0,,,,,
2021-12-25,1,1,1,105163.675,,,,,158.0,,,,,
2022-01-01,0,0,0,104824.6975,,,,,162.0,,,,,
